TeamName,Discipline,Country,Event
China,Archery,People's Republic of China,Men's Team
Colombia,Archery,Colombia,Men's Team
France,Archery,France,Men's Team
Great Britain,Archery,Great Britain,Men's Team
India,Archery,India,Men's Team
Italy,Archery,Italy,Men's Team
Japan,Archery,Japan,Men's Team
Kazakhstan,Archery,Kazakhstan,Men's Team
Korea,Archery,Republic of Korea,Men's Team
Mexico,Archery,Mexico,Men's Team
Chinese Taipei,Archery,Chinese Taipei,Men's Team
Türkiye,Archery,Türkiye,Men's Team
China,Archery,People's Republic of China,Women's Team
France,Archery,France,Women's Team
Great Britain,Archery,Great Britain,Women's Team
Germany,Archery,Germany,Women's Team
Indonesia,Archery,Indonesia,Women's Team
India,Archery,India,Women's Team
Korea,Archery,Republic of Korea,Women's Team
Malaysia,Archery,Malaysia,Women's Team
Mexico,Archery,Mexico,Women's Team
Netherlands,Archery,Netherlands,Women's Team
Chinese Taipei,Archery,Chinese Taipei,Women's Team
United States,Archery,United States of America,Women's Team
Australia,Archery,Australia,Mixed Team
Brazil,Archery,Brazil,Mixed Team
Canada,Archery,Canada,Mixed Team
China,Archery,People's Republic of China,Mixed Team
Colombia,Archery,Colombia,Mixed Team
Czechia,Archery,Czechia,Mixed Team
Egypt,Archery,Egypt,Mixed Team
Spain,Archery,Spain,Mixed Team
France,Archery,France,Mixed Team
Great Britain,Archery,Great Britain,Mixed Team
Germany,Archery,Germany,Mixed Team
Indonesia,Archery,Indonesia,Mixed Team
India,Archery,India,Mixed Team
Israel,Archery,Israel,Mixed Team
Italy,Archery,Italy,Mixed Team
Japan,Archery,Japan,Mixed Team
Korea,Archery,Republic of Korea,Mixed Team
Republic of Moldova,Archery,Republic of Moldova,Mixed Team
Mexico,Archery,Mexico,Mixed Team
Netherlands,Archery,Netherlands,Mixed Team
Slovenia,Archery,Slovenia,Mixed Team
Chinese Taipei,Archery,Chinese Taipei,Mixed Team
Türkiye,Archery,Türkiye,Mixed Team
Ukraine,Archery,Ukraine,Mixed Team
United States,Archery,United States of America,Mixed Team
Uzbekistan,Archery,Uzbekistan,Mixed Team
Vietnam,Archery,Vietnam,Mixed Team
Australia,Athletics,Australia,Men's 4 x 100m Relay
Brazil,Athletics,Brazil,Men's 4 x 100m Relay
Canada,Athletics,Canada,Men's 4 x 100m Relay
China,Athletics,People's Republic of China,Men's 4 x 100m Relay
France,Athletics,France,Men's 4 x 100m Relay
Great Britain,Athletics,Great Britain,Men's 4 x 100m Relay
Germany,Athletics,Germany,Men's 4 x 100m Relay
Ghana,Athletics,Ghana,Men's 4 x 100m Relay
Italy,Athletics,Italy,Men's 4 x 100m Relay
Jamaica,Athletics,Jamaica,Men's 4 x 100m Relay
Japan,Athletics,Japan,Men's 4 x 100m Relay
Liberia,Athletics,Liberia,Men's 4 x 100m Relay
Netherlands,Athletics,Netherlands,Men's 4 x 100m Relay
Nigeria,Athletics,Nigeria,Men's 4 x 100m Relay
South Africa,Athletics,South Africa,Men's 4 x 100m Relay
United States,Athletics,United States of America,Men's 4 x 100m Relay
Belgium,Athletics,Belgium,Men's 4 x 400m Relay
Botswana,Athletics,Botswana,Men's 4 x 400m Relay
Brazil,Athletics,Brazil,Men's 4 x 400m Relay
Spain,Athletics,Spain,Men's 4 x 400m Relay
France,Athletics,France,Men's 4 x 400m Relay
Great Britain,Athletics,Great Britain,Men's 4 x 400m Relay
Germany,Athletics,Germany,Men's 4 x 400m Relay
India,Athletics,India,Men's 4 x 400m Relay
Italy,Athletics,Italy,Men's 4 x 400m Relay
Japan,Athletics,Japan,Men's 4 x 400m Relay
Nigeria,Athletics,Nigeria,Men's 4 x 400m Relay
Poland,Athletics,Poland,Men's 4 x 400m Relay
South Africa,Athletics,South Africa,Men's 4 x 400m Relay
Trinidad and Tobago,Athletics,Trinidad and Tobago,Men's 4 x 400m Relay
United States,Athletics,United States of America,Men's 4 x 400m Relay
Zambia,Athletics,Zambia,Men's 4 x 400m Relay
Australia,Athletics,Australia,Women's 4 x 100m Relay
Belgium,Athletics,Belgium,Women's 4 x 100m Relay
Canada,Athletics,Canada,Women's 4 x 100m Relay
Côte d'Ivoire,Athletics,Côte d'Ivoire,Women's 4 x 100m Relay
Spain,Athletics,Spain,Women's 4 x 100m Relay
France,Athletics,France,Women's 4 x 100m Relay
Great Britain,Athletics,Great Britain,Women's 4 x 100m Relay
Germany,Athletics,Germany,Women's 4 x 100m Relay
Italy,Athletics,Italy,Women's 4 x 100m Relay
Jamaica,Athletics,Jamaica,Women's 4 x 100m Relay
Netherlands,Athletics,Netherlands,Women's 4 x 100m Relay
Nigeria,Athletics,Nigeria,Women's 4 x 100m Relay
Poland,Athletics,Poland,Women's 4 x 100m Relay
Switzerland,Athletics,Switzerland,Women's 4 x 100m Relay
Trinidad and Tobago,Athletics,Trinidad and Tobago,Women's 4 x 100m Relay
United States,Athletics,United States of America,Women's 4 x 100m Relay
Belgium,Athletics,Belgium,Women's 4 x 400m Relay
Canada,Athletics,Canada,Women's 4 x 400m Relay
Cuba,Athletics,Cuba,Women's 4 x 400m Relay
Spain,Athletics,Spain,Women's 4 x 400m Relay
France,Athletics,France,Women's 4 x 400m Relay
Great Britain,Athletics,Great Britain,Women's 4 x 400m Relay
Germany,Athletics,Germany,Women's 4 x 400m Relay
India,Athletics,India,Women's 4 x 400m Relay
Ireland,Athletics,Ireland,Women's 4 x 400m Relay
Italy,Athletics,Italy,Women's 4 x 400m Relay
Jamaica,Athletics,Jamaica,Women's 4 x 400m Relay
Netherlands,Athletics,Netherlands,Women's 4 x 400m Relay
Norway,Athletics,Norway,Women's 4 x 400m Relay
Poland,Athletics,Poland,Women's 4 x 400m Relay
Switzerland,Athletics,Switzerland,Women's 4 x 400m Relay
United States,Athletics,United States of America,Women's 4 x 400m Relay
Australia,Athletics,COWLEY R / MONTAG J,Marathon Race Walk Relay Mixed
Australia,Athletics,TINGAY D / HENDERSON R,Marathon Race Walk Relay Mixed
Brazil,Athletics,BONFIM C / LYRA V,Marathon Race Walk Relay Mixed
Canada,Athletics,DUNFEE E / LUNDMAN O,Marathon Race Walk Relay Mixed
China,Athletics,ZHANG Jun / YANG Jiayu,Marathon Race Walk Relay Mixed
China,Athletics,HE X / QIEYANG S,Marathon Race Walk Relay Mixed
Colombia,Athletics,ROMERO M / ARENAS L,Marathon Race Walk Relay Mixed
Colombia,Athletics,HERRERA/MOJICA CHALARCA,Marathon Race Walk Relay Mixed
Czechia,Athletics,HLAVAC V / MARTINKOVA E,Marathon Race Walk Relay Mixed
Ecuador,Athletics,PINTADO BD / MOREJON G,Marathon Race Walk Relay Mixed
Spain,Athletics,LOPEZ MA / MONTESINOS C,Marathon Race Walk Relay Mixed
Spain,Athletics,MARTIN A / PEREZ M,Marathon Race Walk Relay Mixed
France,Athletics,QUINION A / BERETTA C,Marathon Race Walk Relay Mixed
Germany,Athletics,LINKE C / FEIGE S,Marathon Race Walk Relay Mixed
Hungary,Athletics,VENYERCSAN B / RECSEI R,Marathon Race Walk Relay Mixed
India,Athletics,PANWAR Suraj / PRIYANKA,Marathon Race Walk Relay Mixed
Italy,Athletics,STANO M / PALMISANO A,Marathon Race Walk Relay Mixed
Japan,Athletics,KAWANO M / OKADA K,Marathon Race Walk Relay Mixed
Japan,Athletics,TAKAHASHI K / YANAI A,Marathon Race Walk Relay Mixed
Mexico,Athletics,PALMA OLIVARES/GONZALEZ,Marathon Race Walk Relay Mixed
Peru,Athletics,RODRIGUEZ/GARCIA LEON,Marathon Race Walk Relay Mixed
Poland,Athletics,BEN HLIMA M / CHOJECKA O,Marathon Race Walk Relay Mixed
Slovakia,Athletics,CERNY D / BURZALOVA H,Marathon Race Walk Relay Mixed
Türkiye,Athletics,DEMIR M / TEKDAL A,Marathon Race Walk Relay Mixed
Ukraine,Athletics,BANZERUK I / OLYANOVSKA L,Marathon Race Walk Relay Mixed
Bahamas,Athletics,Bahamas,4 x 400m Relay Mixed
Belgium,Athletics,Belgium,4 x 400m Relay Mixed
Dominican Republic,Athletics,Dominican Republic,4 x 400m Relay Mixed
France,Athletics,France,4 x 400m Relay Mixed
Great Britain,Athletics,Great Britain,4 x 400m Relay Mixed
Germany,Athletics,Germany,4 x 400m Relay Mixed
Ireland,Athletics,Ireland,4 x 400m Relay Mixed
Italy,Athletics,Italy,4 x 400m Relay Mixed
Jamaica,Athletics,Jamaica,4 x 400m Relay Mixed
Kenya,Athletics,Kenya,4 x 400m Relay Mixed
Netherlands,Athletics,Netherlands,4 x 400m Relay Mixed
Nigeria,Athletics,Nigeria,4 x 400m Relay Mixed
Poland,Athletics,Poland,4 x 400m Relay Mixed
Switzerland,Athletics,Switzerland,4 x 400m Relay Mixed
Ukraine,Athletics,Ukraine,4 x 400m Relay Mixed
United States,Athletics,United States of America,4 x 400m Relay Mixed
Canada,Badminton,DONG Adam / YAKURA Nyl,Men's Doubles
China,Badminton,LIU Yu Chen / OU Xuan Yi,Men's Doubles
China,Badminton,LIANG Wei Keng / WANG Chang,Men's Doubles
Czechia,Badminton,KRAL Ondrej / MENDREK Adam,Men's Doubles
Denmark,Badminton,ASTRUP Kim / RASMUSSEN Anders Skaarup,Men's Doubles
France,Badminton,POPOV Christo / POPOV Toma Junior,Men's Doubles
France,Badminton,CORVEE Lucas / LABAR Ronan,Men's Doubles
Great Britain,Badminton,LANE Ben / VENDY Sean,Men's Doubles
Germany,Badminton,LAMSFUSS Mark / SEIDEL Marvin,Men's Doubles
Indonesia,Badminton,ALFIAN Fajar / ARDIANTO Muhammad Rian,Men's Doubles
India,Badminton,RANKIREDDY Satwiksairaj / SHETTY Chirag,Men's Doubles
Japan,Badminton,HOKI Takuro / KOBAYASHI Yugo,Men's Doubles
Korea,Badminton,KANG Min Hyuk / SEO Seung Jae,Men's Doubles
Malaysia,Badminton,CHIA Aaron / SOH Wooi Yik,Men's Doubles
Thailand,Badminton,JOMKOH Supak / KEDREN Kittinupong,Men's Doubles
Chinese Taipei,Badminton,LEE Yang / WANG Chi-Lin,Men's Doubles
United States,Badminton,CHIU Vinson / YUAN Joshua,Men's Doubles
Australia,Badminton,MAPASA Setyana / YU Angela,Women's Doubles
Bulgaria,Badminton,STOEVA Gabriela / STOEVA Stefani,Women's Doubles
China,Badminton,LIU Sheng Shu / TAN Ning,Women's Doubles
China,Badminton,CHEN Qing Chen / JIA Yi Fan,Women's Doubles
Denmark,Badminton,FRUERGAARD Maiken / THYGESEN Sara,Women's Doubles
France,Badminton,LAMBERT Margot / TRAN Anne,Women's Doubles
"Hong Kong, China",Badminton,YEUNG Nga Ting / YEUNG Pui Lam,Women's Doubles
Indonesia,Badminton,RAHAYU Apriyani / RAMADHANTI Siti Fadia Silva,Women's Doubles
India,Badminton,CRASTO Tanisha / PONNAPPA Ashwini,Women's Doubles
Japan,Badminton,MATSUYAMA Nami / SHIDA Chiharu,Women's Doubles
Japan,Badminton,MATSUMOTO Mayu / NAGAHARA Wakana,Women's Doubles
Korea,Badminton,BAEK Ha Na / LEE So Hee,Women's Doubles
Korea,Badminton,KIM So Yeong / KONG Hee Yong,Women's Doubles
Malaysia,Badminton,TAN Pearly / THINAAH Muralitharan,Women's Doubles
Thailand,Badminton,KITITHARAKUL Jongkolphan / PRAJONGJAI Rawinda,Women's Doubles
United States,Badminton,XU Annie / XU Kerry,Women's Doubles
Algeria,Badminton,MAMMERI Koceila / MAMMERI Tanina Violette,Mixed Doubles
China,Badminton,FENG Yan Zhe / HUANG Dong Ping,Mixed Doubles
China,Badminton,ZHENG Si Wei / HUANG Ya Qiong,Mixed Doubles
Denmark,Badminton,CHRISTIANSEN Mathias / BOEJE Alexandra,Mixed Doubles
France,Badminton,GICQUEL Thom / DELRUE Delphine,Mixed Doubles
"Hong Kong, China",Badminton,TANG Chun Man / TSE Ying Suet,Mixed Doubles
Indonesia,Badminton,RIVALDY Rinov / MENTARI Pitha Haningtyas,Mixed Doubles
Japan,Badminton,WATANABE Yuta / HIGASHINO Arisa,Mixed Doubles
Korea,Badminton,SEO Seung Jae / CHAE Yu Jung,Mixed Doubles
Korea,Badminton,KIM Won Ho / JEONG Na Eun,Mixed Doubles
Malaysia,Badminton,CHEN Tang Jie / TOH Ee Wei,Mixed Doubles
Netherlands,Badminton,TABELING Robin / PIEK Selena,Mixed Doubles
Singapore,Badminton,HEE Yong Kai Terry / TAN Wei Han Jessica,Mixed Doubles
Thailand,Badminton,PUAVARANUKROH Dechapol / TAERATTANACHAI Sapsiree,Mixed Doubles
Chinese Taipei,Badminton,YE Hong Wei / LEE Chia Hsin,Mixed Doubles
United States,Badminton,CHIU Vinson / GAI Jennie,Mixed Doubles
China,3x3 Basketball,People's Republic of China,Men
France,3x3 Basketball,France,Men
Latvia,3x3 Basketball,Latvia,Men
Lithuania,3x3 Basketball,Lithuania,Men
Netherlands,3x3 Basketball,Netherlands,Men
Poland,3x3 Basketball,Poland,Men
Serbia,3x3 Basketball,Serbia,Men
United States,3x3 Basketball,United States of America,Men
Australia,3x3 Basketball,Australia,Women
Azerbaijan,3x3 Basketball,Azerbaijan,Women
Canada,3x3 Basketball,Canada,Women
China,3x3 Basketball,People's Republic of China,Women
Spain,3x3 Basketball,Spain,Women
France,3x3 Basketball,France,Women
Germany,3x3 Basketball,Germany,Women
United States,3x3 Basketball,United States of America,Women
Australia,Basketball,Australia,Men
Brazil,Basketball,Brazil,Men
Canada,Basketball,Canada,Men
Spain,Basketball,Spain,Men
France,Basketball,France,Men
Germany,Basketball,Germany,Men
Greece,Basketball,Greece,Men
Japan,Basketball,Japan,Men
Puerto Rico,Basketball,Puerto Rico,Men
Serbia,Basketball,Serbia,Men
South Sudan,Basketball,South Sudan,Men
United States,Basketball,United States of America,Men
Australia,Basketball,Australia,Women
Belgium,Basketball,Belgium,Women
Canada,Basketball,Canada,Women
China,Basketball,People's Republic of China,Women
Spain,Basketball,Spain,Women
France,Basketball,France,Women
Germany,Basketball,Germany,Women
Japan,Basketball,Japan,Women
Nigeria,Basketball,Nigeria,Women
Puerto Rico,Basketball,Puerto Rico,Women
Serbia,Basketball,Serbia,Women
United States,Basketball,United States of America,Women
AIN,Canoe Sprint,PETROV Zakhar / KOROVASHKOV Alexey,Men's Canoe Double 500m
Angola,Canoe Sprint,ANTONIO Manuel / SANDA Benilson,Men's Canoe Double 500m
Brazil,Canoe Sprint,NASCIMENTO GODMANN Jacky Jamael / GUIMARAES QUEIROZ Isaquias,Men's Canoe Double 500m
China,Canoe Sprint,LIU Hao / JI Bowen,Men's Canoe Double 500m
Czechia,Canoe Sprint,FUKSA Petr / FUKSA Martin,Men's Canoe Double 500m
Spain,Canoe Sprint,MORENO Joan Antoni / DOMINGUEZ Diego,Men's Canoe Double 500m
France,Canoe Sprint,LEONARD Loic / BART Adrien,Men's Canoe Double 500m
Germany,Canoe Sprint,KRETSCHMER Peter / HECKER Tim,Men's Canoe Double 500m
Hungary,Canoe Sprint,ADOLF Balazs / HAJDU Jonatan Daniel,Men's Canoe Double 500m
Italy,Canoe Sprint,CASADEI Gabriele / TACCHINI Carlo,Men's Canoe Double 500m
Kazakhstan,Canoe Sprint,YEMELYANOV Sergey / KHAIDAROV Timur,Men's Canoe Double 500m
New Zealand,Canoe Sprint,BROWN Max / CLANCY Grant,Men's Canoe Double 500m
Romania,Canoe Sprint,SPRINCEAN Ilie / NUTA Oleg,Men's Canoe Double 500m
Australia,Canoe Sprint,van der WESTHUYZEN Jean / GREEN Tom,Men's Kayak Double 500m
Canada,Canoe Sprint,POULIN Pierre-Luc / McTAVISH Simon,Men's Kayak Double 500m
China,Canoe Sprint,BU Tingkai / ZHANG Dong,Men's Kayak Double 500m
Czechia,Canoe Sprint,SPICAR Jakub / HAVEL Daniel,Men's Kayak Double 500m
Spain,Canoe Sprint,AREVALO Carlos / GERMADE Rodrigo,Men's Kayak Double 500m
Spain,Canoe Sprint,del RIO Adrian / COOPER Marcus,Men's Kayak Double 500m
Germany,Canoe Sprint,SCHOPF Jacob / LEMKE Max,Men's Kayak Double 500m
Germany,Canoe Sprint,RENDSCHMIDT Max / LIEBSCHER-LUCZ Tom,Men's Kayak Double 500m
Hungary,Canoe Sprint,NADAS Bence / TOTKA Sandor,Men's Kayak Double 500m
Hungary,Canoe Sprint,KOPASZ Balint / VARGA Adam,Men's Kayak Double 500m
Kazakhstan,Canoe Sprint,RAMATULLA Bekarys / TOKARNYTSKYI Sergii,Men's Kayak Double 500m
Lithuania,Canoe Sprint,MALDONIS Mindaugas / OLIJNIK Andrej,Men's Kayak Double 500m
New Zealand,Canoe Sprint,LEGARTH Hamish / IMRIE Kurtis,Men's Kayak Double 500m
Poland,Canoe Sprint,STEPUN Jakub / KORSAK Przemyslaw,Men's Kayak Double 500m
Portugal,Canoe Sprint,RIBEIRO Joao / BAPTISTA Messias,Men's Kayak Double 500m
South Africa,Canoe Sprint,LOVEMORE Hamish / BIRKETT Andrew James,Men's Kayak Double 500m
Serbia,Canoe Sprint,DZOMBETA Andjelo / TORUBAROV Vladimir,Men's Kayak Double 500m
Serbia,Canoe Sprint,NOVAKOVIC Marko / DRAGOSAVLJEVIC Marko,Men's Kayak Double 500m
Ukraine,Canoe Sprint,KUKHARYK Oleh / TRUNOV Ihor,Men's Kayak Double 500m
United States,Canoe Sprint,ECKER Jonas / SMALL Aaron,Men's Kayak Double 500m
Australia,Canoe Sprint,Australia,Men's Kayak Four 500m
Canada,Canoe Sprint,Canada,Men's Kayak Four 500m
China,Canoe Sprint,People's Republic of China,Men's Kayak Four 500m
Denmark,Canoe Sprint,Denmark,Men's Kayak Four 500m
Spain,Canoe Sprint,Spain,Men's Kayak Four 500m
Germany,Canoe Sprint,Germany,Men's Kayak Four 500m
Hungary,Canoe Sprint,Hungary,Men's Kayak Four 500m
Lithuania,Canoe Sprint,Lithuania,Men's Kayak Four 500m
New Zealand,Canoe Sprint,New Zealand,Men's Kayak Four 500m
Serbia,Canoe Sprint,Serbia,Men's Kayak Four 500m
Ukraine,Canoe Sprint,Ukraine,Men's Kayak Four 500m
Canada,Canoe Sprint,MACKENZIE Sloan / VINCENT Katie,Women's Canoe Double 500m
Chile,Canoe Sprint,MAILLIARD Maria Jose / GOMEZ Paula,Women's Canoe Double 500m
China,Canoe Sprint,XU Shixiao / SUN Mengya,Women's Canoe Double 500m
Cuba,Canoe Sprint,CIRILO DUBOYS Yarisleidis / LOPEZ LAMADRID Yinnoly Francheska,Women's Canoe Double 500m
Spain,Canoe Sprint,JACOME Antia / CORBERA Maria,Women's Canoe Double 500m
France,Canoe Sprint,RENARD Axelle / DORANGE Eugenie,Women's Canoe Double 500m
Germany,Canoe Sprint,JAHN Lisa / KLIEMKE Hedi Moana,Women's Canoe Double 500m
Hungary,Canoe Sprint,KISS Agnes Anna / NAGY Bianka,Women's Canoe Double 500m
Kazakhstan,Canoe Sprint,BROVKOVA Mariya / ISKAKOVA Rufina,Women's Canoe Double 500m
Republic of Moldova,Canoe Sprint,COCIU Daniela / OLARASU Maria,Women's Canoe Double 500m
Nigeria,Canoe Sprint,BELLO Ayomide Powei / OTUEDO Beauty Akinaere,Women's Canoe Double 500m
Poland,Canoe Sprint,SZCZERBINSKA Sylwia / BOROWSKA Dorota,Women's Canoe Double 500m
Ukraine,Canoe Sprint,LUZAN Liudmyla / RYBACHOK Anastasiia,Women's Canoe Double 500m
Australia,Canoe Sprint,BEERE Ella / BULL Aly,Women's Kayak Double 500m
Belgium,Canoe Sprint,PETERS Hermien / BROEKX Lize,Women's Kayak Double 500m
Canada,Canoe Sprint,STOTT Courtney / DAVISON Natalie,Women's Kayak Double 500m
China,Canoe Sprint,YU Shimeng / CHEN Yule,Women's Kayak Double 500m
Denmark,Canoe Sprint,JORGENSEN Emma Aastrand / MATTHIESEN Frederikke Hauge,Women's Kayak Double 500m
Spain,Canoe Sprint,GARCIA OTERO Carolina / OUZANDE Sara,Women's Kayak Double 500m
France,Canoe Sprint,HOSTENS Manon / PAOLETTI Vanina,Women's Kayak Double 500m
Germany,Canoe Sprint,PASZEK Paulina / HAKE Jule Marie,Women's Kayak Double 500m
Germany,Canoe Sprint,ROEHLINGS Lena / JAGSCH Pauline,Women's Kayak Double 500m
Hungary,Canoe Sprint,CSIPES Tamara / GAZSO Alida Dora,Women's Kayak Double 500m
Hungary,Canoe Sprint,PUPP Noemi / FOJT Sara,Women's Kayak Double 500m
Mexico,Canoe Sprint,ALANIS MORALES Karina / BRIONES FRAGOZA Beatriz,Women's Kayak Double 500m
Netherlands,Canoe Sprint,KONIJN Selma / VORSSELMAN Ruth,Women's Kayak Double 500m
Norway,Canoe Sprint,VIRIK Maria / SLETSJOEE Anna Margrete,Women's Kayak Double 500m
New Zealand,Canoe Sprint,CARRINGTON Lisa / HOSKIN Alicia,Women's Kayak Double 500m
New Zealand,Canoe Sprint,FISHER Aimee / MATEHAERE Lucy,Women's Kayak Double 500m
Poland,Canoe Sprint,KLATT Martyna / WISNIEWSKA Helena,Women's Kayak Double 500m
Poland,Canoe Sprint,NAJA Karolina / PULAWSKA Anna,Women's Kayak Double 500m
South Africa,Canoe Sprint,KOCH Tiffany Amber / OLIVIER Esti,Women's Kayak Double 500m
Sweden,Canoe Sprint,STENSILS Linnea / WIKBERG Moa,Women's Kayak Double 500m
Australia,Canoe Sprint,Australia,Women's Kayak Four 500m
Canada,Canoe Sprint,Canada,Women's Kayak Four 500m
China,Canoe Sprint,People's Republic of China,Women's Kayak Four 500m
Spain,Canoe Sprint,Spain,Women's Kayak Four 500m
Germany,Canoe Sprint,Germany,Women's Kayak Four 500m
Hungary,Canoe Sprint,Hungary,Women's Kayak Four 500m
Norway,Canoe Sprint,Norway,Women's Kayak Four 500m
New Zealand,Canoe Sprint,New Zealand,Women's Kayak Four 500m
Poland,Canoe Sprint,Poland,Women's Kayak Four 500m
Serbia,Canoe Sprint,Serbia,Women's Kayak Four 500m
Australia,Cycling Track,Australia,Men's Madison
Austria,Cycling Track,Austria,Men's Madison
Belgium,Cycling Track,Belgium,Men's Madison
Canada,Cycling Track,Canada,Men's Madison
Czechia,Cycling Track,Czechia,Men's Madison
Denmark,Cycling Track,Denmark,Men's Madison
Spain,Cycling Track,Spain,Men's Madison
France,Cycling Track,France,Men's Madison
Great Britain,Cycling Track,Great Britain,Men's Madison
Germany,Cycling Track,Germany,Men's Madison
Italy,Cycling Track,Italy,Men's Madison
Japan,Cycling Track,Japan,Men's Madison
Netherlands,Cycling Track,Netherlands,Men's Madison
New Zealand,Cycling Track,New Zealand,Men's Madison
Portugal,Cycling Track,Portugal,Men's Madison
Australia,Cycling Track,Australia,Men's Team Pursuit
Belgium,Cycling Track,Belgium,Men's Team Pursuit
Canada,Cycling Track,Canada,Men's Team Pursuit
Denmark,Cycling Track,Denmark,Men's Team Pursuit
France,Cycling Track,France,Men's Team Pursuit
Great Britain,Cycling Track,Great Britain,Men's Team Pursuit
Germany,Cycling Track,Germany,Men's Team Pursuit
Italy,Cycling Track,Italy,Men's Team Pursuit
Japan,Cycling Track,Japan,Men's Team Pursuit
New Zealand,Cycling Track,New Zealand,Men's Team Pursuit
Australia,Cycling Track,Australia,Men's Team Sprint
Canada,Cycling Track,Canada,Men's Team Sprint
China,Cycling Track,People's Republic of China,Men's Team Sprint
France,Cycling Track,France,Men's Team Sprint
Great Britain,Cycling Track,Great Britain,Men's Team Sprint
Germany,Cycling Track,Germany,Men's Team Sprint
Japan,Cycling Track,Japan,Men's Team Sprint
Netherlands,Cycling Track,Netherlands,Men's Team Sprint
Australia,Cycling Track,Australia,Women's Madison
Belgium,Cycling Track,Belgium,Women's Madison
Canada,Cycling Track,Canada,Women's Madison
Denmark,Cycling Track,Denmark,Women's Madison
France,Cycling Track,France,Women's Madison
Great Britain,Cycling Track,Great Britain,Women's Madison
Germany,Cycling Track,Germany,Women's Madison
Ireland,Cycling Track,Ireland,Women's Madison
Italy,Cycling Track,Italy,Women's Madison
Japan,Cycling Track,Japan,Women's Madison
Netherlands,Cycling Track,Netherlands,Women's Madison
New Zealand,Cycling Track,New Zealand,Women's Madison
Poland,Cycling Track,Poland,Women's Madison
Switzerland,Cycling Track,Switzerland,Women's Madison
United States,Cycling Track,United States of America,Women's Madison
Australia,Cycling Track,Australia,Women's Team Pursuit
Canada,Cycling Track,Canada,Women's Team Pursuit
France,Cycling Track,France,Women's Team Pursuit
Great Britain,Cycling Track,Great Britain,Women's Team Pursuit
Germany,Cycling Track,Germany,Women's Team Pursuit
Ireland,Cycling Track,Ireland,Women's Team Pursuit
Italy,Cycling Track,Italy,Women's Team Pursuit
Japan,Cycling Track,Japan,Women's Team Pursuit
New Zealand,Cycling Track,New Zealand,Women's Team Pursuit
United States,Cycling Track,United States of America,Women's Team Pursuit
Canada,Cycling Track,Canada,Women's Team Sprint
China,Cycling Track,People's Republic of China,Women's Team Sprint
Great Britain,Cycling Track,Great Britain,Women's Team Sprint
Germany,Cycling Track,Germany,Women's Team Sprint
Mexico,Cycling Track,Mexico,Women's Team Sprint
Netherlands,Cycling Track,Netherlands,Women's Team Sprint
New Zealand,Cycling Track,New Zealand,Women's Team Sprint
Poland,Cycling Track,Poland,Women's Team Sprint
Australia,Diving,Australia,Men's Synchronised 10m Platform
Canada,Diving,Canada,Men's Synchronised 10m Platform
China,Diving,People's Republic of China,Men's Synchronised 10m Platform
France,Diving,France,Men's Synchronised 10m Platform
Great Britain,Diving,Great Britain,Men's Synchronised 10m Platform
Germany,Diving,Germany,Men's Synchronised 10m Platform
Mexico,Diving,Mexico,Men's Synchronised 10m Platform
Ukraine,Diving,Ukraine,Men's Synchronised 10m Platform
China,Diving,People's Republic of China,Men's Synchronised 3m Springboard
Spain,Diving,Spain,Men's Synchronised 3m Springboard
France,Diving,France,Men's Synchronised 3m Springboard
Great Britain,Diving,Great Britain,Men's Synchronised 3m Springboard
Italy,Diving,Italy,Men's Synchronised 3m Springboard
Mexico,Diving,Mexico,Men's Synchronised 3m Springboard
Ukraine,Diving,Ukraine,Men's Synchronised 3m Springboard
United States,Diving,United States of America,Men's Synchronised 3m Springboard
Canada,Diving,Canada,Women's Synchronised 10m Platform
China,Diving,People's Republic of China,Women's Synchronised 10m Platform
France,Diving,France,Women's Synchronised 10m Platform
Great Britain,Diving,Great Britain,Women's Synchronised 10m Platform
Mexico,Diving,Mexico,Women's Synchronised 10m Platform
DPR Korea,Diving,Democratic People's Republic of Korea,Women's Synchronised 10m Platform
Ukraine,Diving,Ukraine,Women's Synchronised 10m Platform
United States,Diving,United States of America,Women's Synchronised 10m Platform
Australia,Diving,Australia,Women's Synchronised 3m Springboard
China,Diving,People's Republic of China,Women's Synchronised 3m Springboard
France,Diving,France,Women's Synchronised 3m Springboard
Great Britain,Diving,Great Britain,Women's Synchronised 3m Springboard
Germany,Diving,Germany,Women's Synchronised 3m Springboard
Italy,Diving,Italy,Women's Synchronised 3m Springboard
Ukraine,Diving,Ukraine,Women's Synchronised 3m Springboard
United States,Diving,United States of America,Women's Synchronised 3m Springboard
Australia,Equestrian,Australia,Dressage Team
Austria,Equestrian,Austria,Dressage Team
Belgium,Equestrian,Belgium,Dressage Team
Canada,Equestrian,Canada,Dressage Team
Denmark,Equestrian,Denmark,Dressage Team
Spain,Equestrian,Spain,Dressage Team
Finland,Equestrian,Finland,Dressage Team
France,Equestrian,France,Dressage Team
Great Britain,Equestrian,Great Britain,Dressage Team
Germany,Equestrian,Germany,Dressage Team
Netherlands,Equestrian,Netherlands,Dressage Team
Poland,Equestrian,Poland,Dressage Team
Portugal,Equestrian,Portugal,Dressage Team
Sweden,Equestrian,Sweden,Dressage Team
United States,Equestrian,United States of America,Dressage Team
Australia,Equestrian,Australia,Eventing Team
Belgium,Equestrian,Belgium,Eventing Team
Brazil,Equestrian,Brazil,Eventing Team
Canada,Equestrian,Canada,Eventing Team
France,Equestrian,France,Eventing Team
Great Britain,Equestrian,Great Britain,Eventing Team
Germany,Equestrian,Germany,Eventing Team
Ireland,Equestrian,Ireland,Eventing Team
Italy,Equestrian,Italy,Eventing Team
Japan,Equestrian,Japan,Eventing Team
Netherlands,Equestrian,Netherlands,Eventing Team
New Zealand,Equestrian,New Zealand,Eventing Team
Poland,Equestrian,Poland,Eventing Team
Switzerland,Equestrian,Switzerland,Eventing Team
Sweden,Equestrian,Sweden,Eventing Team
United States,Equestrian,United States of America,Eventing Team
Australia,Equestrian,Australia,Jumping Team
Austria,Equestrian,Austria,Jumping Team
Belgium,Equestrian,Belgium,Jumping Team
Brazil,Equestrian,Brazil,Jumping Team
Canada,Equestrian,Canada,Jumping Team
Spain,Equestrian,Spain,Jumping Team
France,Equestrian,France,Jumping Team
Great Britain,Equestrian,Great Britain,Jumping Team
Germany,Equestrian,Germany,Jumping Team
Ireland,Equestrian,Ireland,Jumping Team
Israel,Equestrian,Israel,Jumping Team
Japan,Equestrian,Japan,Jumping Team
Saudi Arabia,Equestrian,Saudi Arabia,Jumping Team
Mexico,Equestrian,Mexico,Jumping Team
Netherlands,Equestrian,Netherlands,Jumping Team
Poland,Equestrian,Poland,Jumping Team
Switzerland,Equestrian,Switzerland,Jumping Team
Sweden,Equestrian,Sweden,Jumping Team
UA Emirates,Equestrian,United Arab Emirates,Jumping Team
United States,Equestrian,United States of America,Jumping Team
Argentina,Football,Argentina,Men
Dominican Republic,Football,Dominican Republic,Men
Egypt,Football,Egypt,Men
Spain,Football,Spain,Men
France,Football,France,Men
Guinea,Football,Guinea,Men
Iraq,Football,Iraq,Men
Israel,Football,Israel,Men
Japan,Football,Japan,Men
Morocco,Football,Morocco,Men
Mali,Football,Mali,Men
New Zealand,Football,New Zealand,Men
Paraguay,Football,Paraguay,Men
Ukraine,Football,Ukraine,Men
United States,Football,United States of America,Men
Uzbekistan,Football,Uzbekistan,Men
Australia,Football,Australia,Women
Brazil,Football,Brazil,Women
Canada,Football,Canada,Women
Colombia,Football,Colombia,Women
Spain,Football,Spain,Women
France,Football,France,Women
Germany,Football,Germany,Women
Japan,Football,Japan,Women
Nigeria,Football,Nigeria,Women
New Zealand,Football,New Zealand,Women
United States,Football,United States of America,Women
Zambia,Football,Zambia,Women
Czechia,Fencing,Czechia,Men's Épée Team
Egypt,Fencing,Egypt,Men's Épée Team
France,Fencing,France,Men's Épée Team
Hungary,Fencing,Hungary,Men's Épée Team
Italy,Fencing,Italy,Men's Épée Team
Japan,Fencing,Japan,Men's Épée Team
Kazakhstan,Fencing,Kazakhstan,Men's Épée Team
Venezuela,Fencing,Venezuela,Men's Épée Team
Canada,Fencing,Canada,Men's Foil Team
China,Fencing,People's Republic of China,Men's Foil Team
Egypt,Fencing,Egypt,Men's Foil Team
France,Fencing,France,Men's Foil Team
Italy,Fencing,Italy,Men's Foil Team
Japan,Fencing,Japan,Men's Foil Team
Poland,Fencing,Poland,Men's Foil Team
United States,Fencing,United States of America,Men's Foil Team
Canada,Fencing,Canada,Men's Sabre Team
Egypt,Fencing,Egypt,Men's Sabre Team
France,Fencing,France,Men's Sabre Team
Hungary,Fencing,Hungary,Men's Sabre Team
IR Iran,Fencing,Islamic Republic of Iran,Men's Sabre Team
Italy,Fencing,Italy,Men's Sabre Team
Korea,Fencing,Republic of Korea,Men's Sabre Team
United States,Fencing,United States of America,Men's Sabre Team
China,Fencing,People's Republic of China,Women's Épée Team
Egypt,Fencing,Egypt,Women's Épée Team
France,Fencing,France,Women's Épée Team
Italy,Fencing,Italy,Women's Épée Team
Korea,Fencing,Republic of Korea,Women's Épée Team
Poland,Fencing,Poland,Women's Épée Team
Ukraine,Fencing,Ukraine,Women's Épée Team
United States,Fencing,United States of America,Women's Épée Team
Canada,Fencing,Canada,Women's Foil Team
China,Fencing,People's Republic of China,Women's Foil Team
Egypt,Fencing,Egypt,Women's Foil Team
France,Fencing,France,Women's Foil Team
Italy,Fencing,Italy,Women's Foil Team
Japan,Fencing,Japan,Women's Foil Team
Poland,Fencing,Poland,Women's Foil Team
United States,Fencing,United States of America,Women's Foil Team
Algeria,Fencing,Algeria,Women's Sabre Team
France,Fencing,France,Women's Sabre Team
Hungary,Fencing,Hungary,Women's Sabre Team
Italy,Fencing,Italy,Women's Sabre Team
Japan,Fencing,Japan,Women's Sabre Team
Korea,Fencing,Republic of Korea,Women's Sabre Team
Ukraine,Fencing,Ukraine,Women's Sabre Team
United States,Fencing,United States of America,Women's Sabre Team
Canada,Artistic Gymnastics,Canada,Men's Team
China,Artistic Gymnastics,People's Republic of China,Men's Team
Spain,Artistic Gymnastics,Spain,Men's Team
Great Britain,Artistic Gymnastics,Great Britain,Men's Team
Germany,Artistic Gymnastics,Germany,Men's Team
Italy,Artistic Gymnastics,Italy,Men's Team
Japan,Artistic Gymnastics,Japan,Men's Team
Netherlands,Artistic Gymnastics,Netherlands,Men's Team
Switzerland,Artistic Gymnastics,Switzerland,Men's Team
Türkiye,Artistic Gymnastics,Türkiye,Men's Team
Ukraine,Artistic Gymnastics,Ukraine,Men's Team
United States,Artistic Gymnastics,United States of America,Men's Team
Australia,Artistic Gymnastics,Australia,Women's Team
Brazil,Artistic Gymnastics,Brazil,Women's Team
Canada,Artistic Gymnastics,Canada,Women's Team
China,Artistic Gymnastics,People's Republic of China,Women's Team
France,Artistic Gymnastics,France,Women's Team
Great Britain,Artistic Gymnastics,Great Britain,Women's Team
Italy,Artistic Gymnastics,Italy,Women's Team
Japan,Artistic Gymnastics,Japan,Women's Team
Korea,Artistic Gymnastics,Republic of Korea,Women's Team
Netherlands,Artistic Gymnastics,Netherlands,Women's Team
Romania,Artistic Gymnastics,Romania,Women's Team
United States,Artistic Gymnastics,United States of America,Women's Team
Australia,Rhythmic Gymnastics,Australia,Group All-Around
Azerbaijan,Rhythmic Gymnastics,Azerbaijan,Group All-Around
Brazil,Rhythmic Gymnastics,Brazil,Group All-Around
Bulgaria,Rhythmic Gymnastics,Bulgaria,Group All-Around
China,Rhythmic Gymnastics,People's Republic of China,Group All-Around
Egypt,Rhythmic Gymnastics,Egypt,Group All-Around
Spain,Rhythmic Gymnastics,Spain,Group All-Around
France,Rhythmic Gymnastics,France,Group All-Around
Germany,Rhythmic Gymnastics,Germany,Group All-Around
Israel,Rhythmic Gymnastics,Israel,Group All-Around
Italy,Rhythmic Gymnastics,Italy,Group All-Around
Mexico,Rhythmic Gymnastics,Mexico,Group All-Around
Ukraine,Rhythmic Gymnastics,Ukraine,Group All-Around
Uzbekistan,Rhythmic Gymnastics,Uzbekistan,Group All-Around
Argentina,Handball,Argentina,Men
Croatia,Handball,Croatia,Men
Denmark,Handball,Denmark,Men
Egypt,Handball,Egypt,Men
Spain,Handball,Spain,Men
France,Handball,France,Men
Germany,Handball,Germany,Men
Hungary,Handball,Hungary,Men
Japan,Handball,Japan,Men
Norway,Handball,Norway,Men
Slovenia,Handball,Slovenia,Men
Sweden,Handball,Sweden,Men
Angola,Handball,Angola,Women
Brazil,Handball,Brazil,Women
Denmark,Handball,Denmark,Women
Spain,Handball,Spain,Women
France,Handball,France,Women
Germany,Handball,Germany,Women
Hungary,Handball,Hungary,Women
Korea,Handball,Republic of Korea,Women
Netherlands,Handball,Netherlands,Women
Norway,Handball,Norway,Women
Slovenia,Handball,Slovenia,Women
Sweden,Handball,Sweden,Women
Argentina,Hockey,Argentina,Men
Australia,Hockey,Australia,Men
Belgium,Hockey,Belgium,Men
Spain,Hockey,Spain,Men
France,Hockey,France,Men
Great Britain,Hockey,Great Britain,Men
Germany,Hockey,Germany,Men
India,Hockey,India,Men
Ireland,Hockey,Ireland,Men
Netherlands,Hockey,Netherlands,Men
New Zealand,Hockey,New Zealand,Men
South Africa,Hockey,South Africa,Men
Argentina,Hockey,Argentina,Women
Australia,Hockey,Australia,Women
Belgium,Hockey,Belgium,Women
China,Hockey,People's Republic of China,Women
Spain,Hockey,Spain,Women
France,Hockey,France,Women
Great Britain,Hockey,Great Britain,Women
Germany,Hockey,Germany,Women
Japan,Hockey,Japan,Women
Netherlands,Hockey,Netherlands,Women
South Africa,Hockey,South Africa,Women
United States,Hockey,United States of America,Women
Austria,Judo,Austria,Mixed Team
Brazil,Judo,Brazil,Mixed Team
Canada,Judo,Canada,Mixed Team
EOR,Judo,Refugee Olympic Team,Mixed Team
Spain,Judo,Spain,Mixed Team
France,Judo,France,Mixed Team
Georgia,Judo,Georgia,Mixed Team
Germany,Judo,Germany,Mixed Team
Hungary,Judo,Hungary,Mixed Team
Israel,Judo,Israel,Mixed Team
Italy,Judo,Italy,Mixed Team
Japan,Judo,Japan,Mixed Team
Kazakhstan,Judo,Kazakhstan,Mixed Team
Korea,Judo,Republic of Korea,Mixed Team
Mongolia,Judo,Mongolia,Mixed Team
Netherlands,Judo,Netherlands,Mixed Team
Serbia,Judo,Serbia,Mixed Team
Türkiye,Judo,Türkiye,Mixed Team
Uzbekistan,Judo,Uzbekistan,Mixed Team
Australia,Rowing,Australia,Men's Eight
Great Britain,Rowing,Great Britain,Men's Eight
Germany,Rowing,Germany,Men's Eight
Italy,Rowing,Italy,Men's Eight
Netherlands,Rowing,Netherlands,Men's Eight
Romania,Rowing,Romania,Men's Eight
United States,Rowing,United States of America,Men's Eight
Australia,Rowing,Australia,Men's Pair
Croatia,Rowing,Croatia,Men's Pair
Spain,Rowing,Spain,Men's Pair
Great Britain,Rowing,Great Britain,Men's Pair
Germany,Rowing,Germany,Men's Pair
Ireland,Rowing,Ireland,Men's Pair
Italy,Rowing,Italy,Men's Pair
Lithuania,Rowing,Lithuania,Men's Pair
New Zealand,Rowing,New Zealand,Men's Pair
Romania,Rowing,Romania,Men's Pair
South Africa,Rowing,South Africa,Men's Pair
Switzerland,Rowing,Switzerland,Men's Pair
United States,Rowing,United States of America,Men's Pair
Australia,Rowing,Australia,Men's Four
France,Rowing,France,Men's Four
Great Britain,Rowing,Great Britain,Men's Four
Italy,Rowing,Italy,Men's Four
Netherlands,Rowing,Netherlands,Men's Four
New Zealand,Rowing,New Zealand,Men's Four
Romania,Rowing,Romania,Men's Four
Switzerland,Rowing,Switzerland,Men's Four
United States,Rowing,United States of America,Men's Four
China,Rowing,People's Republic of China,Men's Double Sculls
Croatia,Rowing,Croatia,Men's Double Sculls
Spain,Rowing,Spain,Men's Double Sculls
France,Rowing,France,Men's Double Sculls
Germany,Rowing,Germany,Men's Double Sculls
Ireland,Rowing,Ireland,Men's Double Sculls
Italy,Rowing,Italy,Men's Double Sculls
Argentina,Rowing,Argentina,Lightweight Men's Double Sculls
Belgium,Rowing,Belgium,Lightweight Men's Double Sculls
Chile,Rowing,Chile,Lightweight Men's Double Sculls
Czechia,Rowing,Czechia,Lightweight Men's Double Sculls
Egypt,Rowing,Egypt,Lightweight Men's Double Sculls
Spain,Rowing,Spain,Lightweight Men's Double Sculls
France,Rowing,France,Lightweight Men's Double Sculls
Greece,Rowing,Greece,Lightweight Men's Double Sculls
Ireland,Rowing,Ireland,Lightweight Men's Double Sculls
Italy,Rowing,Italy,Lightweight Men's Double Sculls
Japan,Rowing,Japan,Lightweight Men's Double Sculls
Mexico,Rowing,Mexico,Lightweight Men's Double Sculls
Norway,Rowing,Norway,Lightweight Men's Double Sculls
Switzerland,Rowing,Switzerland,Lightweight Men's Double Sculls
Ukraine,Rowing,Ukraine,Lightweight Men's Double Sculls
Uzbekistan,Rowing,Uzbekistan,Lightweight Men's Double Sculls
Netherlands,Rowing,Netherlands,Men's Double Sculls
Norway,Rowing,Norway,Men's Double Sculls
New Zealand,Rowing,New Zealand,Men's Double Sculls
Romania,Rowing,Romania,Men's Double Sculls
Serbia,Rowing,Serbia,Men's Double Sculls
United States,Rowing,United States of America,Men's Double Sculls
Estonia,Rowing,Estonia,Men's Quadruple Sculls
Great Britain,Rowing,Great Britain,Men's Quadruple Sculls
Germany,Rowing,Germany,Men's Quadruple Sculls
Italy,Rowing,Italy,Men's Quadruple Sculls
Netherlands,Rowing,Netherlands,Men's Quadruple Sculls
Norway,Rowing,Norway,Men's Quadruple Sculls
Poland,Rowing,Poland,Men's Quadruple Sculls
Romania,Rowing,Romania,Men's Quadruple Sculls
Switzerland,Rowing,Switzerland,Men's Quadruple Sculls
Australia,Rowing,Australia,Women's Eight
Canada,Rowing,Canada,Women's Eight
Denmark,Rowing,Denmark,Women's Eight
Great Britain,Rowing,Great Britain,Women's Eight
Italy,Rowing,Italy,Women's Eight
Romania,Rowing,Romania,Women's Eight
United States,Rowing,United States of America,Women's Eight
Australia,Rowing,Australia,Women's Pair
Chile,Rowing,Chile,Women's Pair
Czechia,Rowing,Czechia,Women's Pair
Denmark,Rowing,Denmark,Women's Pair
Spain,Rowing,Spain,Women's Pair
Great Britain,Rowing,Great Britain,Women's Pair
Greece,Rowing,Greece,Women's Pair
Ireland,Rowing,Ireland,Women's Pair
Lithuania,Rowing,Lithuania,Women's Pair
Netherlands,Rowing,Netherlands,Women's Pair
New Zealand,Rowing,New Zealand,Women's Pair
Romania,Rowing,Romania,Women's Pair
United States,Rowing,United States of America,Women's Pair
Australia,Rowing,Australia,Women's Four
China,Rowing,People's Republic of China,Women's Four
Denmark,Rowing,Denmark,Women's Four
Great Britain,Rowing,Great Britain,Women's Four
Ireland,Rowing,Ireland,Women's Four
Netherlands,Rowing,Netherlands,Women's Four
New Zealand,Rowing,New Zealand,Women's Four
Romania,Rowing,Romania,Women's Four
United States,Rowing,United States of America,Women's Four
Australia,Rowing,Australia,Women's Double Sculls
China,Rowing,People's Republic of China,Women's Double Sculls
Czechia,Rowing,Czechia,Women's Double Sculls
France,Rowing,France,Women's Double Sculls
Great Britain,Rowing,Great Britain,Women's Double Sculls
Ireland,Rowing,Ireland,Women's Double Sculls
Italy,Rowing,Italy,Women's Double Sculls
Argentina,Rowing,Argentina,Lightweight Women's Double Sculls
Austria,Rowing,Austria,Lightweight Women's Double Sculls
Canada,Rowing,Canada,Lightweight Women's Double Sculls
China,Rowing,People's Republic of China,Lightweight Women's Double Sculls
France,Rowing,France,Lightweight Women's Double Sculls
Great Britain,Rowing,Great Britain,Lightweight Women's Double Sculls
Greece,Rowing,Greece,Lightweight Women's Double Sculls
IR Iran,Rowing,Islamic Republic of Iran,Lightweight Women's Double Sculls
Ireland,Rowing,Ireland,Lightweight Women's Double Sculls
Japan,Rowing,Japan,Lightweight Women's Double Sculls
New Zealand,Rowing,New Zealand,Lightweight Women's Double Sculls
Peru,Rowing,Peru,Lightweight Women's Double Sculls
Poland,Rowing,Poland,Lightweight Women's Double Sculls
Romania,Rowing,Romania,Lightweight Women's Double Sculls
Lithuania,Rowing,Lithuania,Women's Double Sculls
Tunisia,Rowing,Tunisia,Lightweight Women's Double Sculls
United States,Rowing,United States of America,Lightweight Women's Double Sculls
Netherlands,Rowing,Netherlands,Women's Double Sculls
Norway,Rowing,Norway,Women's Double Sculls
New Zealand,Rowing,New Zealand,Women's Double Sculls
Romania,Rowing,Romania,Women's Double Sculls
United States,Rowing,United States of America,Women's Double Sculls
Australia,Rowing,Australia,Women's Quadruple Sculls
China,Rowing,People's Republic of China,Women's Quadruple Sculls
Great Britain,Rowing,Great Britain,Women's Quadruple Sculls
Germany,Rowing,Germany,Women's Quadruple Sculls
Netherlands,Rowing,Netherlands,Women's Quadruple Sculls
Romania,Rowing,Romania,Women's Quadruple Sculls
Switzerland,Rowing,Switzerland,Women's Quadruple Sculls
Ukraine,Rowing,Ukraine,Women's Quadruple Sculls
United States,Rowing,United States of America,Women's Quadruple Sculls
Argentina,Rugby Sevens,Argentina,Men
Australia,Rugby Sevens,Australia,Men
Fiji,Rugby Sevens,Fiji,Men
France,Rugby Sevens,France,Men
Ireland,Rugby Sevens,Ireland,Men
Japan,Rugby Sevens,Japan,Men
Kenya,Rugby Sevens,Kenya,Men
New Zealand,Rugby Sevens,New Zealand,Men
South Africa,Rugby Sevens,South Africa,Men
Samoa,Rugby Sevens,Samoa,Men
Uruguay,Rugby Sevens,Uruguay,Men
United States,Rugby Sevens,United States of America,Men
Australia,Rugby Sevens,Australia,Women
Brazil,Rugby Sevens,Brazil,Women
Canada,Rugby Sevens,Canada,Women
China,Rugby Sevens,People's Republic of China,Women
Fiji,Rugby Sevens,Fiji,Women
France,Rugby Sevens,France,Women
Great Britain,Rugby Sevens,Great Britain,Women
Ireland,Rugby Sevens,Ireland,Women
Japan,Rugby Sevens,Japan,Women
New Zealand,Rugby Sevens,New Zealand,Women
South Africa,Rugby Sevens,South Africa,Women
United States,Rugby Sevens,United States of America,Women
Australia,Sailing,COLLEY Jim / CONNOR Shaun,Men's Skiff
Austria,Sailing,BILDSTEIN Benjamin / HUSSL David,Men's Skiff
Belgium,Sailing,LEFEBVRE Yannick / HEUNINCK Jan,Men's Skiff
Brazil,Sailing,SOFFIATTI GRAEL Marco / SIMOES Gabriel,Men's Skiff
Canada,Sailing,JONES William / BARNES Justin,Men's Skiff
China,Sailing,WEN Zaiding / LIU Tian,Men's Skiff
Croatia,Sailing,FANTELA Sime / FANTELA Mihovil,Men's Skiff
Denmark,Sailing,NYBORG Daniel / BUHL Nikolaj Hoffmann,Men's Skiff
Spain,Sailing,BOTIN le CHEVER Diego / TRITTEL PAUL Florian,Men's Skiff
France,Sailing,FISCHER Erwan / PEQUIN Clement,Men's Skiff
Great Britain,Sailing,PETERS James / STERRITT Fynn,Men's Skiff
Germany,Sailing,MEGGENDORFER Jakob / SPRANGER Andreas,Men's Skiff
"Hong Kong, China",Sailing,SAKAI Akira Luke / ALYSWORTH Russell Williams,Men's Skiff
Ireland,Sailing,DICKSON Robert / WADDILOVE Sean,Men's Skiff
Netherlands,Sailing,LAMBRIEX Bart / van de WERKEN Floris,Men's Skiff
New Zealand,Sailing,McHARDIE Isaac / McKENZIE William,Men's Skiff
Poland,Sailing,BUKSAK Dominik / WIERZBICKI Szymon,Men's Skiff
Switzerland,Sailing,SCHNEITER Sébastien / de PLANTA Arno,Men's Skiff
Uruguay,Sailing,UMPIERRE Hernan / DIZ Fernando,Men's Skiff
United States,Sailing,BARROWS Ian Macdill / HENKEN Hans Dakota August,Men's Skiff
Australia,Sailing,PRICE Olivia / HASELDINE Evie,Women's Skiff
Belgium,Sailing,MAENHAUT van LEMBERGE Isaura / GEURTS Anouk,Women's Skiff
Brazil,Sailing,SOFFIATTI GRAEL Martine / KUNZE Kahena,Women's Skiff
Canada,Sailing,LEWIN-LAFRANCE Georgia / LEWIN-LAFRANCE Antonia,Women's Skiff
China,Sailing,HU Xiaoyu / SHAN Mengyuan,Women's Skiff
Czechia,Sailing,BURSKA Zofia / TKADLECOVA Sara,Women's Skiff
Denmark,Sailing,SCHMIDT Johanne / SCHMIDT Andrea,Women's Skiff
Spain,Sailing,ECHEGOYEN DOMINGUEZ Tamara / BARCELO MARTIN Paula,Women's Skiff
Finland,Sailing,GRONBLOM Ronja / HOKKA Veera,Women's Skiff
France,Sailing,STEYAERT Sarah / PICON Charline,Women's Skiff
Great Britain,Sailing,BLACK Freya / TIDEY Saskia,Women's Skiff
Germany,Sailing,BERGMANN Marla / WILLE Hanna,Women's Skiff
Italy,Sailing,GERMANI Jana / BERTUZZI Giorgia,Women's Skiff
Japan,Sailing,TANAKA Misaki / NAGAMATSU Sera,Women's Skiff
Netherlands,Sailing,van AANHOLT Odile / DUETZ Annette,Women's Skiff
Norway,Sailing,NAESS Helene / ROENNINGEN Marie,Women's Skiff
New Zealand,Sailing,ALEH Jo / MEECH Molly,Women's Skiff
Poland,Sailing,MELZACKA Aleksandra / JANKOWIAK Sandra,Women's Skiff
Sweden,Sailing,BOBECK Vilma / NETZLER Rebecca,Women's Skiff
United States,Sailing,ROBLE Stephanie Marie / SHEA Margaret Droste,Women's Skiff
Angola,Sailing,MONTINHO Matias / PAULO Manuela,Mixed Dinghy
Australia,Sailing,JERWOOD Nia / NICHOLAS Conor,Mixed Dinghy
Austria,Sailing,VADLAU Lara / MAEHR Lukas,Mixed Dinghy
Brazil,Sailing,DUARTE HADDAD Henrique / SWAN Isabel,Mixed Dinghy
China,Sailing,XU Zangjun / LYU Yixiao,Mixed Dinghy
Spain,Sailing,XAMMAR HERNANDEZ Jordi / BRUGMAN CABOT Nora,Mixed Dinghy
France,Sailing,LECOINTRE Camille / MION Jeremie,Mixed Dinghy
Great Britain,Sailing,HEATHCOTE Vita / GRUBE Chris,Mixed Dinghy
Germany,Sailing,DIESCH Simon / MARKFORT Anna,Mixed Dinghy
Greece,Sailing,SPANAKI Ariadni Paraskevi / SPANAKIS Odysseas Emmanouil,Mixed Dinghy
Israel,Sailing,HASSON Nitai / LASRY Noa,Mixed Dinghy
Italy,Sailing,BERTA Elena / FESTO Bruno,Mixed Dinghy
Japan,Sailing,OKADA Keiju / YOSHIOKA Miho,Mixed Dinghy
Portugal,Sailing,VAZ de BACELAR da FONSECA Diogo Eu. / ALVES da SILVA JOÃO Carolina Maria,Mixed Dinghy
Slovenia,Sailing,MRAK Tina / BOZIC Jakob,Mixed Dinghy
Switzerland,Sailing,MERMOD Yves / SIEGENTHALER Maja,Mixed Dinghy
Sweden,Sailing,DAHLBERG Anton / KARLSSON Lovisa,Mixed Dinghy
Türkiye,Sailing,CINAR Deniz / NALBANTOGLU Lara,Mixed Dinghy
United States,Sailing,Mc NAY Stuart Pfeiffer / DALLMAN WEISS Lara Anne,Mixed Dinghy
Argentina,Sailing,MAJDALANI Mateo / BOSCO Eugenia,Mixed Multihull
Australia,Sailing,LIDDELL Brin / BROWN Rhiannan,Mixed Multihull
Austria,Sailing,HABERL Lukas / FRANK Tanja,Mixed Multihull
Belgium,Sailing,CLAEYSSENS Lucas / VERSTRAELEN Eline,Mixed Multihull
Brazil,Sailing,SIEMSEN Joao / ARNDT Marina,Mixed Multihull
China,Sailing,MAI Huicong / CHEN Linlin,Mixed Multihull
Denmark,Sailing,SAOUMA-PEDERSEN Natacha / BRUUN Mathias,Mixed Multihull
Spain,Sailing,PACHECO van RIJNSOEVER Tara / BARRIO GARCIA Andres,Mixed Multihull
Finland,Sailing,KURTBAY Sinem / KESKINEN Akseli,Mixed Multihull
France,Sailing,MOURNIAC Tim / BERTHOMIEU Lou,Mixed Multihull
Great Britain,Sailing,GIMSON John / BURNET Anna,Mixed Multihull
Germany,Sailing,KOHLHOFF Paul / STUHLEMMER Alica,Mixed Multihull
Italy,Sailing,TITA Ruggero / BANTI Caterina,Mixed Multihull
Japan,Sailing,IITSUKA Shibuki /  NISHIDA CAPIGLIA Oura,Mixed Multihull
Netherlands,Sailing,van der MEER Laila / BOUWER Bjarne,Mixed Multihull
New Zealand,Sailing,WILKINSON Micah James / DAWSON Erica Linda,Mixed Multihull
Sweden,Sailing,JARUDD Emil / JONSSON Hanna,Mixed Multihull
Türkiye,Sailing,KAYNAR Alican / KAYNAKCI Beste,Mixed Multihull
United States,Sailing,NEWBERRY Sarah Lauren / LIEBENBERG David Wade,Mixed Multihull
Bulgaria,Shooting,Bulgaria,10m Air Pistol Mixed Team
China,Shooting,People's Republic of China 1,10m Air Pistol Mixed Team
China,Shooting,People's Republic of China 2,10m Air Pistol Mixed Team
France,Shooting,France,10m Air Pistol Mixed Team
Germany,Shooting,Germany 1,10m Air Pistol Mixed Team
Germany,Shooting,Germany 2,10m Air Pistol Mixed Team
India,Shooting,India 1,10m Air Pistol Mixed Team
India,Shooting,India 2,10m Air Pistol Mixed Team
Kazakhstan,Shooting,Kazakhstan,10m Air Pistol Mixed Team
Korea,Shooting,Republic of Korea 1,10m Air Pistol Mixed Team
Korea,Shooting,Republic of Korea 2,10m Air Pistol Mixed Team
Latvia,Shooting,Latvia,10m Air Pistol Mixed Team
Pakistan,Shooting,Pakistan,10m Air Pistol Mixed Team
Serbia,Shooting,Serbia,10m Air Pistol Mixed Team
Türkiye,Shooting,Türkiye 1,10m Air Pistol Mixed Team
Türkiye,Shooting,Türkiye 2,10m Air Pistol Mixed Team
Ukraine,Shooting,Ukraine,10m Air Pistol Mixed Team
Algeria,Shooting,Algeria,
Argentina,Shooting,Argentina,10m Air Rifle Mixed Team
Austria,Shooting,Austria,10m Air Rifle Mixed Team
China,Shooting,People's Republic of China 1,10m Air Rifle Mixed Team
China,Shooting,People's Republic of China 2,10m Air Rifle Mixed Team
Czechia,Shooting,Czechia,10m Air Rifle Mixed Team
Egypt,Shooting,Egypt 1,10m Air Rifle Mixed Team
Egypt,Shooting,Egypt 2,10m Air Rifle Mixed Team
France,Shooting,France 1,10m Air Rifle Mixed Team
France,Shooting,France 2,10m Air Rifle Mixed Team
Great Britain,Shooting,Great Britain,10m Air Rifle Mixed Team
Germany,Shooting,Germany,10m Air Rifle Mixed Team
Hungary,Shooting,Hungary,10m Air Rifle Mixed Team
India,Shooting,India 1,10m Air Rifle Mixed Team
India,Shooting,India 2,10m Air Rifle Mixed Team
Italy,Shooting,Italy,10m Air Rifle Mixed Team
Japan,Shooting,Japan,10m Air Rifle Mixed Team
Kazakhstan,Shooting,Kazakhstan 1,10m Air Rifle Mixed Team
Kazakhstan,Shooting,Kazakhstan 2,10m Air Rifle Mixed Team
Korea,Shooting,Republic of Korea 1,10m Air Rifle Mixed Team
Korea,Shooting,Republic of Korea 2,10m Air Rifle Mixed Team
Mexico,Shooting,Mexico,10m Air Rifle Mixed Team
Mongolia,Shooting,Mongolia,10m Air Rifle Mixed Team
Norway,Shooting,Norway 1,10m Air Rifle Mixed Team
Norway,Shooting,Norway 2,10m Air Rifle Mixed Team
Poland,Shooting,Poland 1,10m Air Rifle Mixed Team
Poland,Shooting,Poland 2,10m Air Rifle Mixed Team
United States,Shooting,United States of America 1,10m Air Rifle Mixed Team
United States,Shooting,United States of America 2,10m Air Rifle Mixed Team
Australia,Shooting,Australia,Skeet Mixed Team
China,Shooting,People's Republic of China,Skeet Mixed Team
Czechia,Shooting,Czechia,Skeet Mixed Team
Egypt,Shooting,Egypt,Skeet Mixed Team
France,Shooting,France,Skeet Mixed Team
Germany,Shooting,Germany,Skeet Mixed Team
Greece,Shooting,Greece,Skeet Mixed Team
India,Shooting,India,Skeet Mixed Team
Italy,Shooting,Italy 1,Skeet Mixed Team
Italy,Shooting,Italy 2,Skeet Mixed Team
Kazakhstan,Shooting,Kazakhstan,Skeet Mixed Team
Korea,Shooting,Republic of Korea,Skeet Mixed Team
Peru,Shooting,Peru,Skeet Mixed Team
Sweden,Shooting,Sweden,Skeet Mixed Team
United States,Shooting,United States of America 1,Skeet Mixed Team
United States,Shooting,United States of America 2,Skeet Mixed Team
Australia,Artistic Swimming,Australia,Duet
Austria,Artistic Swimming,Austria,Duet
Canada,Artistic Swimming,Canada,Duet
China,Artistic Swimming,People's Republic of China,Duet
Egypt,Artistic Swimming,Egypt,Duet
Spain,Artistic Swimming,Spain,Duet
France,Artistic Swimming,France,Duet
Great Britain,Artistic Swimming,Great Britain,Duet
Greece,Artistic Swimming,Greece,Duet
Israel,Artistic Swimming,Israel,Duet
Italy,Artistic Swimming,Italy,Duet
Japan,Artistic Swimming,Japan,Duet
Korea,Artistic Swimming,Republic of Korea,Duet
Mexico,Artistic Swimming,Mexico,Duet
Netherlands,Artistic Swimming,Netherlands,Duet
New Zealand,Artistic Swimming,New Zealand,Duet
Ukraine,Artistic Swimming,Ukraine,Duet
United States,Artistic Swimming,United States of America,Duet
Australia,Artistic Swimming,Australia,Team
Canada,Artistic Swimming,Canada,Team
China,Artistic Swimming,People's Republic of China,Team
Egypt,Artistic Swimming,Egypt,Team
Spain,Artistic Swimming,Spain,Team
France,Artistic Swimming,France,Team
Italy,Artistic Swimming,Italy,Team
Japan,Artistic Swimming,Japan,Team
Mexico,Artistic Swimming,Mexico,Team
United States,Artistic Swimming,United States of America,Team
Australia,Swimming,Australia,Men's 4 x 100m Freestyle Relay
Brazil,Swimming,Brazil,Men's 4 x 100m Freestyle Relay
Canada,Swimming,Canada,Men's 4 x 100m Freestyle Relay
China,Swimming,People's Republic of China,Men's 4 x 100m Freestyle Relay
Spain,Swimming,Spain,Men's 4 x 100m Freestyle Relay
France,Swimming,France,Men's 4 x 100m Freestyle Relay
Great Britain,Swimming,Great Britain,Men's 4 x 100m Freestyle Relay
Germany,Swimming,Germany,Men's 4 x 100m Freestyle Relay
Greece,Swimming,Greece,Men's 4 x 100m Freestyle Relay
Hungary,Swimming,Hungary,Men's 4 x 100m Freestyle Relay
Israel,Swimming,Israel,Men's 4 x 100m Freestyle Relay
Italy,Swimming,Italy,Men's 4 x 100m Freestyle Relay
Poland,Swimming,Poland,Men's 4 x 100m Freestyle Relay
Serbia,Swimming,Serbia,Men's 4 x 100m Freestyle Relay
Sweden,Swimming,Sweden,Men's 4 x 100m Freestyle Relay
United States,Swimming,United States of America,Men's 4 x 100m Freestyle Relay
Australia,Swimming,Australia,Men's 4 x 100m Medley Relay
Austria,Swimming,Austria,Men's 4 x 100m Medley Relay
Canada,Swimming,Canada,Men's 4 x 100m Medley Relay
China,Swimming,People's Republic of China,Men's 4 x 100m Medley Relay
Spain,Swimming,Spain,Men's 4 x 100m Medley Relay
France,Swimming,France,Men's 4 x 100m Medley Relay
Great Britain,Swimming,Great Britain,Men's 4 x 100m Medley Relay
Germany,Swimming,Germany,Men's 4 x 100m Medley Relay
Ireland,Swimming,Ireland,Men's 4 x 100m Medley Relay
Italy,Swimming,Italy,Men's 4 x 100m Medley Relay
Japan,Swimming,Japan,Men's 4 x 100m Medley Relay
Korea,Swimming,Republic of Korea,Men's 4 x 100m Medley Relay
Netherlands,Swimming,Netherlands,Men's 4 x 100m Medley Relay
Poland,Swimming,Poland,Men's 4 x 100m Medley Relay
Switzerland,Swimming,Switzerland,Men's 4 x 100m Medley Relay
United States,Swimming,United States of America,Men's 4 x 100m Medley Relay
Australia,Swimming,Australia,Men's 4 x 200m Freestyle Relay
Brazil,Swimming,Brazil,Men's 4 x 200m Freestyle Relay
Canada,Swimming,Canada,Men's 4 x 200m Freestyle Relay
China,Swimming,People's Republic of China,Men's 4 x 200m Freestyle Relay
Spain,Swimming,Spain,Men's 4 x 200m Freestyle Relay
France,Swimming,France,Men's 4 x 200m Freestyle Relay
Great Britain,Swimming,Great Britain,Men's 4 x 200m Freestyle Relay
Germany,Swimming,Germany,Men's 4 x 200m Freestyle Relay
Greece,Swimming,Greece,Men's 4 x 200m Freestyle Relay
Israel,Swimming,Israel,Men's 4 x 200m Freestyle Relay
Italy,Swimming,Italy,Men's 4 x 200m Freestyle Relay
Japan,Swimming,Japan,Men's 4 x 200m Freestyle Relay
Korea,Swimming,Republic of Korea,Men's 4 x 200m Freestyle Relay
Lithuania,Swimming,Lithuania,Men's 4 x 200m Freestyle Relay
Switzerland,Swimming,Switzerland,Men's 4 x 200m Freestyle Relay
United States,Swimming,United States of America,Men's 4 x 200m Freestyle Relay
Australia,Swimming,Australia,Women's 4 x 100m Freestyle Relay
Brazil,Swimming,Brazil,Women's 4 x 100m Freestyle Relay
Canada,Swimming,Canada,Women's 4 x 100m Freestyle Relay
China,Swimming,People's Republic of China,Women's 4 x 100m Freestyle Relay
Denmark,Swimming,Denmark,Women's 4 x 100m Freestyle Relay
France,Swimming,France,Women's 4 x 100m Freestyle Relay
Great Britain,Swimming,Great Britain,Women's 4 x 100m Freestyle Relay
"Hong Kong, China",Swimming,"Hong Kong, China",Women's 4 x 100m Freestyle Relay
Hungary,Swimming,Hungary,Women's 4 x 100m Freestyle Relay
Ireland,Swimming,Ireland,Women's 4 x 100m Freestyle Relay
Italy,Swimming,Italy,Women's 4 x 100m Freestyle Relay
Netherlands,Swimming,Netherlands,Women's 4 x 100m Freestyle Relay
Poland,Swimming,Poland,Women's 4 x 100m Freestyle Relay
Slovenia,Swimming,Slovenia,Women's 4 x 100m Freestyle Relay
Sweden,Swimming,Sweden,Women's 4 x 100m Freestyle Relay
United States,Swimming,United States of America,Women's 4 x 100m Freestyle Relay
Australia,Swimming,Australia,Women's 4 x 100m Medley Relay
Canada,Swimming,Canada,Women's 4 x 100m Medley Relay
China,Swimming,People's Republic of China,Women's 4 x 100m Medley Relay
Denmark,Swimming,Denmark,Women's 4 x 100m Medley Relay
France,Swimming,France,Women's 4 x 100m Medley Relay
Great Britain,Swimming,Great Britain,Women's 4 x 100m Medley Relay
Germany,Swimming,Germany,Women's 4 x 100m Medley Relay
"Hong Kong, China",Swimming,"Hong Kong, China",Women's 4 x 100m Medley Relay
Ireland,Swimming,Ireland,Women's 4 x 100m Medley Relay
Italy,Swimming,Italy,Women's 4 x 100m Medley Relay
Japan,Swimming,Japan,Women's 4 x 100m Medley Relay
Netherlands,Swimming,Netherlands,Women's 4 x 100m Medley Relay
Poland,Swimming,Poland,Women's 4 x 100m Medley Relay
Singapore,Swimming,Singapore,Women's 4 x 100m Medley Relay
Sweden,Swimming,Sweden,Women's 4 x 100m Medley Relay
United States,Swimming,United States of America,Women's 4 x 100m Medley Relay
Australia,Swimming,Australia,Women's 4 x 200m Freestyle Relay
Brazil,Swimming,Brazil,Women's 4 x 200m Freestyle Relay
Canada,Swimming,Canada,Women's 4 x 200m Freestyle Relay
China,Swimming,People's Republic of China,Women's 4 x 200m Freestyle Relay
Spain,Swimming,Spain,Women's 4 x 200m Freestyle Relay
France,Swimming,France,Women's 4 x 200m Freestyle Relay
Great Britain,Swimming,Great Britain,Women's 4 x 200m Freestyle Relay
Germany,Swimming,Germany,Women's 4 x 200m Freestyle Relay
Hungary,Swimming,Hungary,Women's 4 x 200m Freestyle Relay
Israel,Swimming,Israel,Women's 4 x 200m Freestyle Relay
Italy,Swimming,Italy,Women's 4 x 200m Freestyle Relay
Japan,Swimming,Japan,Women's 4 x 200m Freestyle Relay
Netherlands,Swimming,Netherlands,Women's 4 x 200m Freestyle Relay
New Zealand,Swimming,New Zealand,Women's 4 x 200m Freestyle Relay
Türkiye,Swimming,Türkiye,Women's 4 x 200m Freestyle Relay
United States,Swimming,United States of America,Women's 4 x 200m Freestyle Relay
Australia,Swimming,Australia,Mixed 4 x 100m Medley Relay
Brazil,Swimming,Brazil,Mixed 4 x 100m Medley Relay
Canada,Swimming,Canada,Mixed 4 x 100m Medley Relay
China,Swimming,People's Republic of China,Mixed 4 x 100m Medley Relay
France,Swimming,France,Mixed 4 x 100m Medley Relay
Great Britain,Swimming,Great Britain,Mixed 4 x 100m Medley Relay
Germany,Swimming,Germany,Mixed 4 x 100m Medley Relay
Greece,Swimming,Greece,Mixed 4 x 100m Medley Relay
Israel,Swimming,Israel,Mixed 4 x 100m Medley Relay
Italy,Swimming,Italy,Mixed 4 x 100m Medley Relay
Japan,Swimming,Japan,Mixed 4 x 100m Medley Relay
Korea,Swimming,Republic of Korea,Mixed 4 x 100m Medley Relay
Netherlands,Swimming,Netherlands,Mixed 4 x 100m Medley Relay
Poland,Swimming,Poland,Mixed 4 x 100m Medley Relay
Sweden,Swimming,Sweden,Mixed 4 x 100m Medley Relay
United States,Swimming,United States of America,Mixed 4 x 100m Medley Relay
United States,Swimming,United States of America,
France,Rowing,France,Men's Double Sculls
China,Rowing,People's Republic of China,Women's Quadruple Sculls
Australia,Swimming,Australia,
Netherlands,Swimming,Netherlands,
China,Swimming,People's Republic of China,
Australia,Swimming,Australia,
United States,Swimming,United States of America,
United States,Swimming,United States of America,
Australia,Swimming,Australia,
United States,Swimming,United States of America,
Australia,Swimming,Australia,
Australia,Swimming,Australia,
China,Swimming,People's Republic of China,
United States,Swimming,United States of America,
United States,Swimming,United States of America,
South Africa,Swimming,South Africa,
China,Swimming,People's Republic of China,
Poland,Swimming,Poland,
Korea,Swimming,Republic of Korea,
United States,Swimming,United States of America,
China,Swimming,People's Republic of China,
Italy,Swimming,Italy,
Hungary,Canoe Sprint,NADAS Bence / TOTKA Sandor,Men's Kayak Double 500m
China,Swimming,People's Republic of China,
China,Cycling Track,People's Republic of China,
Russian Federation,Swimming,Russian Federation,
Israel,Swimming,Israel,
New Zealand,Rowing,New Zealand,Women's Pair
Austria,Swimming,Austria,
Great Britain,Rowing,Great Britain,Men's Four
Hungary,Swimming,Hungary,
South Africa,Swimming,South Africa,
Australia,Swimming,Australia,
United States,Swimming,United States of America,
Australia,Swimming,Australia,
Italy,Shooting,Italy,
Canada,Swimming,Canada,
Great Britain,Swimming,Great Britain,
Netherlands,Cycling Track,Netherlands,
Australia,Swimming,Australia,
China,Swimming,People's Republic of China,
Netherlands,Swimming,Netherlands,
Ireland,Rowing,Ireland,Lightweight Men's Double Sculls
Australia,Swimming,Australia,
Korea,Archery,Republic of Korea,
Australia,Swimming,Australia,
Korea,Swimming,Republic of Korea,
Australia,Swimming,Australia,
Great Britain,Swimming,Great Britain,
New Zealand,Rowing,New Zealand,Men's Pair
Italy,Swimming,Italy,
Great Britain,Swimming,Great Britain,
South Africa,Swimming,South Africa,
Australia,Swimming,Australia,
New Zealand,Canoe Sprint,CARRINGTON Lisa / REGAL Caitlin,Women's Kayak Double 500m
China,Shooting,People's Republic of China,
Romania,Rowing,Romania,Women's Eight
United States,Swimming,United States of America,
Australia,Swimming,Australia,
United States,Swimming,United States of America,
China,Swimming,People's Republic of China,
Great Britain,Swimming,Great Britain,
Australia,Swimming,Australia,
United States,Swimming,United States of America,
United States,Swimming,United States of America,
United States,Swimming,United States of America,
Australia,Swimming,Australia,
Germany,Cycling Track,Germany,
United States,Swimming,United States of America,
United States,Swimming,United States of America,
Romania,Rowing,Romania,Women's Double Sculls
United States,Shooting,United States of America,
Australia,Swimming,Australia,
United States,Swimming,United States of America,
Australia,Swimming,Australia,
Germany,Cycling Track,Germany,
China,Swimming,People's Republic of China,
South Africa,Swimming,South Africa,
Italy,Swimming,Italy,
Canada,Swimming,Canada,
China,Swimming,People's Republic of China,
Canada,Swimming,Canada,
Australia,Swimming,Australia,
Italy,Swimming,Italy,
Great Britain,Swimming,Great Britain,
United States,Swimming,United States of America,
Australia,Swimming,Australia,
Australia,Swimming,Australia,
German Dem. Republic,Swimming,German Democratic Republic,
United States,Swimming,United States of America,
China,Swimming,People's Republic of China,
Australia,Swimming,Australia,
China,Swimming,People's Republic of China,
United States,Swimming,United States of America,
Spain,Canoe Sprint,Spain,Men's Kayak Four 500m
United States,Swimming,United States of America,
Hungary,Swimming,Hungary,
Australia,Swimming,Australia,
Great Britain,Swimming,Great Britain,
Australia,Swimming,Australia,
Netherlands,Rowing,Netherlands,Men's Quadruple Sculls
Spain,Swimming,Spain,
Australia,Swimming,Australia,
United States,Swimming,United States of America,
Hungary,Swimming,Hungary,
United States,Swimming,United States of America,
United States,Swimming,United States of America,
Australia,Swimming,Australia,
United States,Swimming,United States of America,
France,Swimming,France,
Germany,Rowing,Germany,Men's Eight
Serbia,Swimming,Serbia,
Hungary,Canoe Sprint,Hungary,Women's Kayak Four 500m
India,Shooting,India,
Unified Team,Swimming,Unified Team,
Germany,Canoe Sprint,RAUHE Ronald / WIESKOTTER Tim,Men's Kayak Double 500m
China,Swimming,People's Republic of China,
Great Britain,Swimming,Great Britain,
Australia,Swimming,Australia,
Italy,Swimming,Italy,
United States,Swimming,United States of America,
Australia,Swimming,Australia,
Great Britain,Swimming,Great Britain,
Great Britain,Swimming,Great Britain,
Australia,Swimming,Australia,
Great Britain,Swimming,Great Britain,
Sweden,Swimming,Sweden,
Netherlands,Cycling Track,Netherlands,
China,Swimming,People's Republic of China,
United States,Swimming,United States of America,
United States,Swimming,United States of America,
Italy,Swimming,Italy,
China,Swimming,People's Republic of China,
United States,Swimming,United States of America,
Great Britain,Swimming,Great Britain,
Australia,Swimming,Australia,
South Africa,Swimming,South Africa,
Australia,Swimming,Australia,
United States,Swimming,United States of America,
United States,Swimming,United States of America,
Korea,Archery,Republic of Korea,
United States,Swimming,United States of America,
China,Swimming,People's Republic of China,
Netherlands,Swimming,Netherlands,
China,Rowing,People's Republic of China,Women's Quadruple Sculls
China,Swimming,People's Republic of China,
Germany,Canoe Sprint,Germany,Men's Kayak Four 500m
China,Swimming,People's Republic of China,
Australia,Swimming,Australia,
United States,Swimming,United States of America,
China,Swimming,People's Republic of China,
Australia,Swimming,Australia,
China,Swimming,People's Republic of China,
Germany,Swimming,Germany,
New Zealand,Swimming,New Zealand,
Australia,Swimming,Australia,
United States,Swimming,United States of America,
Canada,Swimming,Canada,
Australia,Swimming,Australia,
United States,Swimming,United States of America,
Australia,Swimming,Australia,
Greece,Swimming,Greece,
United States,Swimming,United States of America,
Russian Federation,Swimming,Russian Federation,
United States,Swimming,United States of America,
China,Swimming,People's Republic of China,
Australia,Swimming,Australia,
China,Swimming,People's Republic of China,
United States,Swimming,United States of America,
United States,Swimming,United States of America,
China,Swimming,People's Republic of China,
United States,Swimming,United States of America,
United States,Swimming,United States of America,
Brazil,Swimming,Brazil,
Australia,Swimming,Australia,
United States,Swimming,United States of America,
New Zealand,Rowing,New Zealand,Women's Pair
Great Britain,Swimming,Great Britain,
Korea,Archery,Republic of Korea,
United States,Swimming,United States of America,
Italy,Rowing,Italy,Lightweight Women's Double Sculls
United States,Swimming,United States of America,
China,Swimming,People's Republic of China,
Australia,Rowing,Australia,Men's Four
United States,Swimming,United States of America,
Israel,Swimming,Israel,
Poland,Swimming,Poland,
United States,Swimming,United States of America,
China,Canoe Sprint,XU Shixiao / SUN Mengya,Women's Canoe Double 500m
Australia,Swimming,Australia,
Poland,Swimming,Poland,
France,Swimming,France,
German Dem. Republic,Swimming,German Democratic Republic,
Australia,Swimming,Australia,
Australia,Swimming,Australia,
Italy,Swimming,Italy,
Australia,Rowing,Australia,Women's Double Sculls
Ireland,Rowing,Ireland,Lightweight Men's Double Sculls
China,Swimming,People's Republic of China,
FRG,Swimming,Federal Republic of Germany,
United States,Rowing,United States of America,Men's Eight
United States,Swimming,United States of America,
Australia,Rowing,Australia,Women's Four
China,Swimming,People's Republic of China,
United States,Swimming,United States of America,
Great Britain,Swimming,Great Britain,
New Zealand,Canoe Sprint,CARRINGTON Lisa / REGAL Caitlin,Women's Kayak Double 500m
United States,Swimming,United States of America,
Great Britain,Swimming,Great Britain,
Australia,Swimming,Australia,
China,Swimming,People's Republic of China,
Australia,Swimming,Australia,
Australia,Swimming,Australia,
New Zealand,Rowing,New Zealand,Men's Pair
Australia,Swimming,Australia,
Australia,Swimming,Australia,
China,Canoe Sprint,MENG Guanliang / YANG Wenjun,Men's Canoe Double 500m
Australia,Swimming,Australia,
Romania,Rowing,Romania,Women's Eight
Netherlands,Swimming,Netherlands,
United States,Swimming,United States of America,
Great Britain,Swimming,Great Britain,
United States,Swimming,United States of America,
United States,Swimming,United States of America,
United States,Swimming,United States of America,
Italy,Swimming,Italy,
New Zealand,Swimming,New Zealand,
United States,Swimming,United States of America,
United States,Swimming,United States of America,
United States,Swimming,United States of America,
Denmark,Swimming,Denmark,
Great Britain,Swimming,Great Britain,
Great Britain,Rowing,Great Britain,Lightweight Women's Double Sculls
Great Britain,Swimming,Great Britain,
Lithuania,Swimming,Lithuania,
China,Swimming,People's Republic of China,
Korea,Swimming,Republic of Korea,
France,Swimming,France,
Great Britain,Swimming,Great Britain,
Australia,Swimming,Australia,
United States,Swimming,United States of America,
United States,Swimming,United States of America,
South Africa,Swimming,South Africa,
United States,Swimming,United States of America,
China,Swimming,People's Republic of China,
United States,Swimming,United States of America,
South Africa,Swimming,South Africa,
China,Swimming,People's Republic of China,
Australia,Swimming,Australia,
Russian Federation,Canoe Sprint,KOROVASHKOV Alexey / SHTYL Ivan,Men's Canoe Double 500m
China,Swimming,People's Republic of China,
South Africa,Swimming,South Africa,
United States,Swimming,United States of America,
Netherlands,Rowing,Netherlands,Men's Quadruple Sculls
Australia,Swimming,Australia,
United States,Swimming,United States of America,
Russian Federation,Swimming,Russian Federation,
Netherlands,Swimming,Netherlands,
Korea,Archery,Republic of Korea,
Canada,Canoe Sprint,VINCENT-LAPOINTE Laurence / VINCENT Katie,Women's Canoe Double 500m
Canada,Swimming,Canada,
United States,Swimming,United States of America,
United States,Swimming,United States of America,
China,Shooting,People's Republic of China,
United States,Shooting,United States of America,
Australia,Swimming,Australia,
United States,Swimming,United States of America,
Australia,Swimming,Australia,
China,Swimming,People's Republic of China,
India,Shooting,India,
United States,Swimming,United States of America,
China,Swimming,People's Republic of China,
United States,Swimming,United States of America,
Australia,Swimming,Australia,
Germany,Swimming,Germany,
India,Shooting,India,
United States,Swimming,United States of America,
China,Swimming,People's Republic of China,
United States,Swimming,United States of America,
United States,Swimming,United States of America,
Croatia,Rowing,Croatia,Men's Double Sculls
United States,Swimming,United States of America,
Russian Federation,Swimming,Russian Federation,
Netherlands,Swimming,Netherlands,
Poland,Canoe Sprint,Poland,Women's Kayak Four 500m
Korea,Archery,Republic of Korea,
Australia,Swimming,Australia,
United States,Swimming,United States of America,
Korea,Archery,Republic of Korea,
Italy,Swimming,Italy,
Great Britain,Swimming,Great Britain,
China,Shooting,People's Republic of China,
Great Britain,Swimming,Great Britain,
Italy,Cycling Track,Italy,
Italy,Cycling Track,Italy,
United States,Swimming,United States of America,
Australia,Swimming,Australia,
Serbia,Swimming,Serbia,
United States,Swimming,United States of America,
United States,Swimming,United States of America,
Italy,Swimming,Italy,
United States,Swimming,United States of America,
United States,Swimming,United States of America,
Kuwait,Shooting,Kuwait,
New Zealand,Rowing,New Zealand,Women's Four
India,Shooting,India,
United States,Swimming,United States of America,
United States,Swimming,United States of America,
Great Britain,Swimming,Great Britain,
China,Swimming,People's Republic of China,
United States,Swimming,United States of America,
United States,Swimming,United States of America,
United States,Swimming,United States of America,
China,Swimming,People's Republic of China,
Russian Federation,Swimming,Russian Federation,
Germany,Swimming,Germany,
United States,Swimming,United States of America,
United States,Swimming,United States of America,
Great Britain,Athletics,Great Britain,
Australia,Athletics,Australia,
Nigeria,Athletics,Nigeria,
United States,Athletics,United States of America,
German Dem. Republic,Athletics,German Democratic Republic,
USSR,Athletics,USSR,
China,Athletics,People's Republic of China,
China,Athletics,People's Republic of China,
Brazil,Athletics,Brazil,
Australia,Athletics,Australia,
Australia,Athletics,Australia,
United States,Athletics,United States of America,
United States,Athletics,United States of America,
United States,Athletics,United States of America,
Brazil,Athletics,Brazil,
Australia,Athletics,Australia,
United States,Athletics,United States of America,
Jamaica,Athletics,Jamaica,
Brazil,Athletics,Brazil,
United States,Athletics,United States of America,
Bahrain,Athletics,Bahrain,
South Africa,Athletics,South Africa,
Great Britain,Athletics,Great Britain,
Japan,Athletics,Japan,
Brazil,Athletics,Brazil,
Australia,Athletics,Australia,
Poland,Athletics,Poland,
Botswana,Athletics,Botswana,
South Africa,Athletics,South Africa,
United States,Athletics,United States of America,
Jamaica,Athletics,Jamaica,
United States,Athletics,United States of America,
Côte d'Ivoire,Athletics,Côte d'Ivoire,
India,Athletics,India,
Colombia,Athletics,Colombia,
Australia,Athletics,Australia,
Kenya,Athletics,Kenya,
AIN,Tennis,Medvedev / Safiullin,Men's Doubles
Argentina,Tennis,Gonzalez / Molteni,Men's Doubles
Argentina,Tennis,Etcheverry / Navone,Men's Doubles
Australia,Tennis,Popyrin / de Minaur,Men's Doubles
Australia,Tennis,Ebden / Peers,Men's Doubles
Belgium,Tennis,Gille / Vliegen,Men's Doubles
Brazil,Tennis,Monteiro / Seyboth Wild,Men's Doubles
Canada,Tennis,Auger-Aliassime / Raonic,Men's Doubles
Chile,Tennis,Jarry / Tabilo,Men's Doubles
Croatia,Tennis,Mektic / Pavic,Men's Doubles
Czechia,Tennis,Machac / Pavlasek,Men's Doubles
Spain,Tennis,Alcaraz / Nadal,Men's Doubles
Spain,Tennis,Carreno Busta / Granollers,Men's Doubles
France,Tennis,Monfils / Roger-Vasselin,Men's Doubles
France,Tennis,Fils / Humbert,Men's Doubles
Great Britain,Tennis,Salisbury / Skupski,Men's Doubles
Great Britain,Tennis,Evans / Murray,Men's Doubles
Germany,Tennis,Krawietz / Puetz,Men's Doubles
Germany,Tennis,Koepfer / Struff,Men's Doubles
Greece,Tennis,Tsitsipas / Tsitsipas,Men's Doubles
Hungary,Tennis,Fucsovics / Marozsan,Men's Doubles
India,Tennis,Balaji / Bopanna,Men's Doubles
Italy,Tennis,Darderi / Musetti,Men's Doubles
Italy,Tennis,Bolelli / Vavassori,Men's Doubles
Japan,Tennis,Daniel / Nishikori,Men's Doubles
Kazakhstan,Tennis,Bublik / Nedovyesov,Men's Doubles
Lebanon,Tennis,Habib / Hassan,Men's Doubles
Netherlands,Tennis,Griekspoor / Koolhof,Men's Doubles
Netherlands,Tennis,Haase / Rojer,Men's Doubles
Poland,Tennis,Hurkacz / Zielinski,Men's Doubles
Portugal,Tennis,Borges / Cabral,Men's Doubles
United States,Tennis,Fritz / Paul,Men's Doubles
United States,Tennis,Krajicek / Ram,Men's Doubles
AIN,Tennis,Alexandrova / Vesnina,Women's Doubles
AIN,Tennis,Andreeva / Shnaider,Women's Doubles
Argentina,Tennis,Carle / Podoroska,Women's Doubles
Australia,Tennis,Perez / Saville,Women's Doubles
Australia,Tennis,Gadecki / Tomljanovic,Women's Doubles
Brazil,Tennis,Haddad Maia / Stefani,Women's Doubles
Canada,Tennis,Dabrowski / Fernandez,Women's Doubles
China,Tennis,Yuan / Zhang,Women's Doubles
China,Tennis,Wang / Zheng,Women's Doubles
Czechia,Tennis,Muchova / Noskova,Women's Doubles
Czechia,Tennis,Krejcikova / Siniakova,Women's Doubles
Spain,Tennis,Bucsa / Sorribes Tormo,Women's Doubles
France,Tennis,Garcia / Parry,Women's Doubles
France,Tennis,Burel / Gracheva,Women's Doubles
Great Britain,Tennis,Boulter / Watson,Women's Doubles
Germany,Tennis,Kerber / Siegemund,Women's Doubles
Germany,Tennis,Korpatsch / Maria,Women's Doubles
Greece,Tennis,Papamichail / Sakkari,Women's Doubles
Italy,Tennis,Errani / Paolini,Women's Doubles
Italy,Tennis,Bronzetti / Cocciaretto,Women's Doubles
Japan,Tennis,Aoyama / Shibahara,Women's Doubles
Netherlands,Tennis,Rus / Schuurs,Women's Doubles
New Zealand,Tennis,Routliffe / Sun,Women's Doubles
Poland,Tennis,Linette / Rosolska,Women's Doubles
Romania,Tennis,Begu / Niculescu,Women's Doubles
Romania,Tennis,Bogdan / Cristian,Women's Doubles
Chinese Taipei,Tennis,Hsieh / Tsao,Women's Doubles
Chinese Taipei,Tennis,Chan / Chan,Women's Doubles
Ukraine,Tennis,Kostyuk / Yastremska,Women's Doubles
Ukraine,Tennis,Kichenok / Kichenok,Women's Doubles
United States,Tennis,Gauff / Pegula,Women's Doubles
United States,Tennis,Collins / Krawczyk,Women's Doubles
AIN,Tennis,Andreeva / Medvedev,Mixed Doubles
Argentina,Tennis,Podoroska / Gonzalez,Mixed Doubles
Australia,Tennis,Perez / Ebden,Mixed Doubles
Brazil,Tennis,Stefani / Seyboth Wild,Mixed Doubles
Canada,Tennis,Dabrowski / Auger-Aliassime,Mixed Doubles
China,Tennis,Wang / Zhang,Mixed Doubles
Croatia,Tennis,Vekic / Pavic,Mixed Doubles
Czechia,Tennis,Siniakova / Machac,Mixed Doubles
Denmark,Tennis,Wozniacki / Rune,Mixed Doubles
Spain,Tennis,Sorribes Tormo / Granollers,Mixed Doubles
France,Tennis,Garcia / Roger-Vasselin,Mixed Doubles
Great Britain,Tennis,Watson / Salisbury,Mixed Doubles
Germany,Tennis,Siegemund / Zverev,Mixed Doubles
Greece,Tennis,Sakkari / Tsitsipas,Mixed Doubles
Italy,Tennis,Errani / Vavassori,Mixed Doubles
Japan,Tennis,Shibahara / Nishikori,Mixed Doubles
Netherlands,Tennis,Schuurs / Koolhof,Mixed Doubles
Switzerland,Tennis,Golubic / Wawrinka,Mixed Doubles
United States,Tennis,Gauff / Fritz,Mixed Doubles
Australia,Triathlon,Australia,Mixed Relay
Austria,Triathlon,Austria,Mixed Relay
Belgium,Triathlon,Belgium,Mixed Relay
Brazil,Triathlon,Brazil,Mixed Relay
Spain,Triathlon,Spain,Mixed Relay
France,Triathlon,France,Mixed Relay
Great Britain,Triathlon,Great Britain,Mixed Relay
Germany,Triathlon,Germany,Mixed Relay
Italy,Triathlon,Italy,Mixed Relay
Mexico,Triathlon,Mexico,Mixed Relay
Netherlands,Triathlon,Netherlands,Mixed Relay
Norway,Triathlon,Norway,Mixed Relay
New Zealand,Triathlon,New Zealand,Mixed Relay
Portugal,Triathlon,Portugal,Mixed Relay
Switzerland,Triathlon,Switzerland,Mixed Relay
United States,Triathlon,United States of America,Mixed Relay
Australia,Table Tennis,Australia,Men's Team
Brazil,Table Tennis,Brazil,Men's Team
Canada,Table Tennis,Canada,Men's Team
China,Table Tennis,People's Republic of China,Men's Team
Croatia,Table Tennis,Croatia,Men's Team
Denmark,Table Tennis,Denmark,Men's Team
Egypt,Table Tennis,Egypt,Men's Team
France,Table Tennis,France,Men's Team
Germany,Table Tennis,Germany,Men's Team
India,Table Tennis,India,Men's Team
Japan,Table Tennis,Japan,Men's Team
Korea,Table Tennis,Republic of Korea,Men's Team
Portugal,Table Tennis,Portugal,Men's Team
Slovenia,Table Tennis,Slovenia,Men's Team
Sweden,Table Tennis,Sweden,Men's Team
Chinese Taipei,Table Tennis,Chinese Taipei,Men's Team
Australia,Table Tennis,Australia,Women's Team
Brazil,Table Tennis,Brazil,Women's Team
China,Table Tennis,People's Republic of China,Women's Team
Egypt,Table Tennis,Egypt,Women's Team
France,Table Tennis,France,Women's Team
Germany,Table Tennis,Germany,Women's Team
"Hong Kong, China",Table Tennis,"Hong Kong, China",Women's Team
India,Table Tennis,India,Women's Team
Japan,Table Tennis,Japan,Women's Team
Korea,Table Tennis,Republic of Korea,Women's Team
Poland,Table Tennis,Poland,Women's Team
Romania,Table Tennis,Romania,Women's Team
Sweden,Table Tennis,Sweden,Women's Team
Thailand,Table Tennis,Thailand,Women's Team
Chinese Taipei,Table Tennis,Chinese Taipei,Women's Team
United States,Table Tennis,United States of America,Women's Team
Australia,Table Tennis,LUM Nicholas / JEE Minhyung,Mixed Doubles
Brazil,Table Tennis,ISHIY Vitor / TAKAHASHI Bruna,Mixed Doubles
China,Table Tennis,WANG Chuqin / SUN Yingsha,Mixed Doubles
Cuba,Table Tennis,CAMPOS Jorge / FONSECA Daniela,Mixed Doubles
Egypt,Table Tennis,ASSAR Omar / MESHREF Dina,Mixed Doubles
Spain,Table Tennis,ROBLES Alvaro / XIAO Maria,Mixed Doubles
France,Table Tennis,LEBRUN Alexis / YUAN Jia Nan,Mixed Doubles
Germany,Table Tennis,QIU Dang / MITTELHAM Nina,Mixed Doubles
"Hong Kong, China",Table Tennis,WONG Chun Ting / DOO Hoi Kem,Mixed Doubles
Hungary,Table Tennis,ECSEKI Nandor / MADARASZ Dora,Mixed Doubles
Japan,Table Tennis,HARIMOTO Tomokazu / HAYATA Hina,Mixed Doubles
Korea,Table Tennis,LIM Jonghoon / SHIN Yubin,Mixed Doubles
DPR Korea,Table Tennis,RI Jong Sik / KIM Kum Yong,Mixed Doubles
Romania,Table Tennis,IONESCU Ovidiu / SZOCS Bernadette,Mixed Doubles
Sweden,Table Tennis,KARLSSON Kristian / KALLBERG Christina,Mixed Doubles
Chinese Taipei,Table Tennis,LIN Yun-Ju / CHEN Szu-Yu,Mixed Doubles
Australia,Beach Volleyball,Hodges/Schubert,Men
Australia,Beach Volleyball,Nicolaidis/Carracher,Men
Austria,Beach Volleyball,Horl/Horst,Men
Brazil,Beach Volleyball,George/Andre,Men
Brazil,Beach Volleyball,Evandro/Arthur,Men
Canada,Beach Volleyball,Schachter/Dearing,Men
Chile,Beach Volleyball,M.Grimalt/E.Grimalt,Men
Cuba,Beach Volleyball,Diaz/Alayo,Men
Czechia,Beach Volleyball,Perusic/Schweiner,Men
Spain,Beach Volleyball,Herrera/Gavira,Men
France,Beach Volleyball,Krou/Gauthier-Rat,Men
France,Beach Volleyball,Bassereau/Lyneel,Men
Germany,Beach Volleyball,Ehlers/Wickler,Men
Italy,Beach Volleyball,Cottafava/Nicolai,Men
Italy,Beach Volleyball,Ranghieri/Carambula,Men
Morocco,Beach Volleyball,Abicha/Elgraoui,Men
Netherlands,Beach Volleyball,Boermans/de Groot,Men
Netherlands,Beach Volleyball,van de Velde/Immers,Men
Norway,Beach Volleyball,Mol/Sorum,Men
Poland,Beach Volleyball,Bryl/Losiak,Men
Qatar,Beach Volleyball,Cherif/Ahmed,Men
Sweden,Beach Volleyball,Ahman/Hellvig,Men
United States,Beach Volleyball,Partain/Benesh,Men
United States,Beach Volleyball,Evans/Budinger,Men
Australia,Beach Volleyball,Mariafe/Clancy,Women
Brazil,Beach Volleyball,Ana Patricia/Duda,Women
Brazil,Beach Volleyball,Carol/Barbara,Women
Canada,Beach Volleyball,Melissa/Brandie,Women
Canada,Beach Volleyball,Bansley/Bukovec,Women
China,Beach Volleyball,Xue/X.Y.Xia,Women
Czechia,Beach Volleyball,Hermannova/Stochlova,Women
Egypt,Beach Volleyball,Marwa/D. Elghobashy,Women
Spain,Beach Volleyball,Alvarez M/Moreno,Women
Spain,Beach Volleyball,Liliana/Paula,Women
France,Beach Volleyball,Vieira/Chamereau,Women
France,Beach Volleyball,Placette/Richard,Women
Germany,Beach Volleyball,Muller/Tillmann,Women
Germany,Beach Volleyball,Ludwig/Lippmann,Women
Italy,Beach Volleyball,Gottardi/Menegatti,Women
Japan,Beach Volleyball,Akiko/Ishii,Women
Latvia,Beach Volleyball,Tina/Anastasija,Women
Lithuania,Beach Volleyball,Paulikiene/Raupelyte,Women
Netherlands,Beach Volleyball,Stam/Schoon,Women
Paraguay,Beach Volleyball,Poletti/Michelle,Women
Switzerland,Beach Volleyball,Huberli/Brunner,Women
Switzerland,Beach Volleyball,Esmee/Zoe,Women
United States,Beach Volleyball,Nuss/Kloth,Women
United States,Beach Volleyball,Hughes/Cheng,Women
Argentina,Volleyball,Argentina,Men
Brazil,Volleyball,Brazil,Men
Canada,Volleyball,Canada,Men
Egypt,Volleyball,Egypt,Men
France,Volleyball,France,Men
Germany,Volleyball,Germany,Men
Italy,Volleyball,Italy,Men
Japan,Volleyball,Japan,Men
Poland,Volleyball,Poland,Men
Slovenia,Volleyball,Slovenia,Men
Serbia,Volleyball,Serbia,Men
United States,Volleyball,United States of America,Men
Brazil,Volleyball,Brazil,Women
China,Volleyball,People's Republic of China,Women
Dominican Republic,Volleyball,Dominican Republic,Women
France,Volleyball,France,Women
Italy,Volleyball,Italy,Women
Japan,Volleyball,Japan,Women
Kenya,Volleyball,Kenya,Women
Netherlands,Volleyball,Netherlands,Women
Poland,Volleyball,Poland,Women
Serbia,Volleyball,Serbia,Women
Türkiye,Volleyball,Türkiye,Women
United States,Volleyball,United States of America,Women
Australia,Water Polo,Australia,Men
Croatia,Water Polo,Croatia,Men
Spain,Water Polo,Spain,Men
France,Water Polo,France,Men
Greece,Water Polo,Greece,Men
Hungary,Water Polo,Hungary,Men
Italy,Water Polo,Italy,Men
Japan,Water Polo,Japan,Men
Montenegro,Water Polo,Montenegro,Men
Romania,Water Polo,Romania,Men
Serbia,Water Polo,Serbia,Men
United States,Water Polo,United States of America,Men
Australia,Water Polo,Australia,Women
Canada,Water Polo,Canada,Women
China,Water Polo,People's Republic of China,Women
Spain,Water Polo,Spain,Women
France,Water Polo,France,Women
Greece,Water Polo,Greece,Women
Hungary,Water Polo,Hungary,Women
Italy,Water Polo,Italy,Women
Netherlands,Water Polo,Netherlands,Women
United States,Water Polo,United States of America,Women
